timestamp,prediction
1609108500000,0.0070980564965137105
1609108560000,0.0076904020502500895
1609108620000,0.006211225521247011
1609108680000,0.0049698701173859616
1609108740000,0.0018651557088055649
1609108800000,0.001385978642693731
1609108860000,-0.0015896714210785695
1609108920000,0.002383137662817416
1609108980000,0.0005697714535467725
1609109040000,0.0036391552206533357
1609109100000,0.0016983907998500065
1609109160000,-0.0011697887661765106
1609109220000,-0.0016327832725369393
1609109280000,-0.0027181963089770774
1609109340000,-0.0024298364400614477
1609109400000,-0.0016557874500026481
1609109460000,-0.0002493510308886624
1609109520000,-0.0002931745794142547
1609109580000,-0.0013800769056557859
1609109640000,-0.0041207746057004046
1609109700000,-0.00352185103215892
1609109760000,-0.004898710678652387
1609109820000,-0.0017706831064798689
1609109880000,-0.003495396462179481
1609109940000,-0.00045288201131463265
1609110000000,-0.0002299348101528337
1609110060000,-0.001201289796847184
1609110120000,-0.0016961032485776854
1609110180000,0.003625039772144308
1609110240000,0.0022431457793758757
1609110300000,0.00029674798627914666
1609110360000,0.002156032669737679
1609110420000,-0.00042633959489281564
1609110480000,-0.002787268103490541
1609110540000,-0.0013671746531398318
1609110600000,-0.002734711467307543
1609110660000,-0.0037671735478971157
1609110720000,-0.0022376831331217986
1609110780000,-0.0022082600958100874
1609110840000,-0.0014288334155182017
1609110900000,-0.0005898520301129865
1609110960000,-0.0001221171249013591
1609111020000,0.0013506480964420742
1609111080000,0.001128943947840784
1609111140000,-0.0006318287123678803
1609111200000,0.003066470844964107
1609111260000,0.0014287435786998627
1609111320000,0.001339470664902239
1609111380000,-0.001153505705891336
1609111440000,2.366915878557613e-05
1609111500000,-0.0027192306886517944
1609111560000,-0.00045653644533272437
1609111620000,0.0009089836339388548
1609111680000,-0.0011487344173252503
1609111740000,-0.0018589265432631674
1609111800000,-0.001970107285592579
1609111860000,-0.0004725385716263718
1609111920000,5.8227007676676945e-05
1609111980000,-0.0005813726123579891
1609112040000,0.0016743779639116793
1609112100000,-4.1071667090465644e-05
1609112160000,-5.173460853471787e-05
1609112220000,-0.002143738125385675
1609112280000,-0.00013706541728630871
1609112340000,-0.0010318481031704255
1609112400000,0.0006993818767852734
1609112460000,-0.0013984221939147153
1609112520000,0.0007806547291638788
1609112580000,0.002027273489747074
1609112640000,-0.001441690428880603
1609112700000,0.002016263626214726
1609112760000,-0.000437511551897942
1609112820000,-0.0008183925392675188
1609112880000,0.002851073355046672
1609112940000,0.0014180543873053703
1609113000000,0.0004416375471677258
1609113060000,0.0009609927630512183
1609113120000,-0.0009203811319071487
1609113180000,0.00043650905358395863
1609113240000,0.0009319985762412258
1609113300000,0.0027313674663256974
1609113360000,-0.0008567450791724891
1609113420000,-0.0011458820010630893
1609113480000,0.0003028384677923123
1609113540000,-0.0025709878885222435
1609113600000,-0.002218439940226866
1609113660000,0.00027294539818826103
1609113720000,0.004334064525992501
1609113780000,0.0015130057006375532
1609113840000,0.004325487753583763
1609113900000,0.0020938650279151002
1609113960000,-0.00036615665672865043
1609114020000,-0.0018303147325570695
1609114080000,-0.003262109036035479
1609114140000,-0.0026977788192580196
1609114200000,-0.0021294117142525402
1609114260000,-0.0042647975932441655
1609114320000,-0.004021285024648074
1609114380000,-0.004881812641623413
1609114440000,-0.007295567846113056
1609114500000,-0.003328888441838242
1609114560000,-0.0072540024859702
1609114620000,-0.0012107887979614545
1609114680000,-0.00017976392048656625
1609114740000,0.002551850585173261
1609114800000,0.002279168530192848
1609114860000,0.0011842554961806172
1609114920000,-0.0003425743309922367
1609114980000,0.0016605714994063435
1609115040000,0.004267964506256684
1609115100000,0.0035116942551381416
1609115160000,0.0022718035298616547
1609115220000,0.0027323767516339898
1609115280000,0.0003835003471871657
1609115340000,-8.546671192086309e-05
1609115400000,0.002547590755488745
1609115460000,-2.4861548457880408e-05
1609115520000,0.001619420792618245
1609115580000,0.0030561151777180147
1609115640000,0.006065396623908479
1609115700000,0.005229771355967053
1609115760000,0.002749264571083809
1609115820000,0.0021098124421068875
1609115880000,0.0030040470173680737
1609115940000,0.0011238452726823557
1609116000000,0.0035632901485280334
1609116060000,0.0015575091004287193
1609116120000,0.0022453758581894552
1609116180000,0.001225830683876744
1609116240000,0.00016121674421499068
1609116300000,-0.0025447027252414552
1609116360000,0.0008465288114720116
1609116420000,-0.002723505194545132
1609116480000,-0.0037987188613232176
1609116540000,6.253122829452356e-05
1609116600000,-0.0030940414105956695
1609116660000,-0.0018615293824729596
1609116720000,-0.00022063697674112003
1609116780000,-0.0027641386562854645
1609116840000,0.000406788371449704
1609116900000,-0.004700445209512568
1609116960000,0.0018906035516821807
1609117020000,-0.002149586293102906
1609117080000,-0.0004465445797348072
1609117140000,0.002965189190579033
1609117200000,-0.002625439552066525
1609117260000,0.0028928797590904685
1609117320000,-0.00034959453234864287
1609117380000,-0.0025488641072290105
1609117440000,0.0009477132692724278
1609117500000,-0.00047632800451543765
1609117560000,0.003135936330476412
1609117620000,0.001288425538366679
1609117680000,0.0026623479434555934
1609117740000,0.0006131519473457519
1609117800000,0.002779849890361538
1609117860000,0.0019528022521949312
1609117920000,-0.00030223349804883124
1609117980000,0.0007446505975155559
1609118040000,0.0010270593570052074
1609118100000,0.0034469836589690345
1609118160000,0.00498544425596227
1609118220000,0.002915485971057002
1609118280000,0.005751422578939044
1609118340000,0.0009688949271986991
1609118400000,0.0001884611813219844
1609118460000,0.004261525597262686
1609118520000,0.0012979658153893145
1609118580000,0.0001846970740518875
1609118640000,-0.0008891633772275948
1609118700000,-0.005031167771219921
1609118760000,-0.0046789600283047295
1609118820000,0.001378756991244129
1609118880000,-0.0021895058157255795
1609118940000,0.002071375600775908
1609119000000,0.000790312161211037
1609119060000,-0.004844085823848314
1609119120000,-0.0009590369226308678
1609119180000,-0.006904192812731
1609119240000,-0.006179193187783727
1609119300000,-0.0039804979931059165
1609119360000,-0.005731956395576105
1609119420000,-0.006101195139458095
1609119480000,-0.005004942405818815
1609119540000,-0.004306007310779431
1609119600000,-0.006204707073668154
1609119660000,-0.0006255236970410333
1609119720000,-2.5312734790225265e-05
1609119780000,-1.504480353381235e-06
1609119840000,0.006344454672882624
1609119900000,0.005381983587951519
1609119960000,0.005906512597921918
1609120020000,0.005383776599059001
1609120080000,0.00248672176893576
1609120140000,0.004673599727626223
1609120200000,-0.0009063444686857839
1609120260000,-2.0281647463305183e-06
1609120320000,-3.237975130257615e-05
1609120380000,-0.0033284743224945667
1609120440000,-0.00490442378586836
1609120500000,-0.0034952194053223455
1609120560000,-0.0014707091993343279
1609120620000,-0.004626500260125308
1609120680000,-0.0015305536191285761
1609120740000,0.0002469204721030167
1609120800000,-0.005753532344975919
1609120860000,-0.0025533486552095316
1609120920000,-0.0021821222059986724
1609120980000,-0.00027070939103671256
1609121040000,0.0027596205901431
1609121100000,0.003128495867011308
1609121160000,0.003116162924640275
1609121220000,-0.001769756556236279
1609121280000,-0.0006346935555268069
1609121340000,-0.0011453789746627152
1609121400000,0.0006328409004757377
1609121460000,-0.0015970828536250655
1609121520000,-0.0007503930775145647
1609121580000,0.0002947287212955996
1609121640000,0.0009030667920639425
1609121700000,0.0005219171582262958
1609121760000,0.0024124987445987697
1609121820000,0.0013927204280332415
1609121880000,-9.109435147436027e-05
1609121940000,0.002500167927566967
1609122000000,-0.0004351645956088175
1609122060000,0.0027277009099469143
1609122120000,-0.002769012556407637
1609122180000,0.002943190674591609
1609122240000,-0.0011242282349984802
1609122300000,1.3236133566294716e-05
1609122360000,0.0031330501584680244
1609122420000,-0.0009731408640630946
1609122480000,0.0025647580283667216
1609122540000,0.001298709670726265
1609122600000,-0.0017297087274404292
1609122660000,0.002802844947271893
1609122720000,0.0013985381565778006
1609122780000,0.0026574842191067097
1609122840000,0.001261259316790786
1609122900000,0.0003273516362631027
1609122960000,-0.0006500175774301972
1609123020000,-0.0025376592881209852
1609123080000,-0.0013183120819292506
1609123140000,-0.001025176561332667
1609123200000,-0.002417637630378421
1609123260000,0.0003634137663577903
1609123320000,-5.462020352887449e-07
1609123380000,-0.0016986757085157942
1609123440000,0.0013684622770502623
1609123500000,0.0005410448618810227
1609123560000,-5.0120390735924046e-05
1609123620000,0.0025282032152401943
1609123680000,-0.00028715575445340013
1609123740000,0.0016699760732554348
1609123800000,-0.0005745853666376576
1609123860000,0.0005278642862904668
1609123920000,0.0026264990438697186
1609123980000,-4.596567243341297e-05
1609124040000,-0.00080321805651771
1609124100000,-0.0011306587064537517
1609124160000,-0.00021626175187191654
1609124220000,-0.0016693977096996046
1609124280000,-0.0005206217703085458
1609124340000,0.0013936073934999046
1609124400000,0.0007073573463338241
1609124460000,-0.002479221442899997
1609124520000,0.0019172440497710976
1609124580000,-0.0014618160942574939
1609124640000,-0.0010672893658112527
1609124700000,-0.0008147735879158979
1609124760000,-0.001683558648083262
1609124820000,-0.00295494502969231
1609124880000,-0.0004307198951269948
1609124940000,-0.0005340287204662541
1609125000000,-0.001678309944727249
1609125060000,0.0014544561285520599
1609125120000,0.0004594403257820575
1609125180000,-0.0002541192818104585
1609125240000,0.0022623635786477923
1609125300000,-0.00034770131108202625
1609125360000,-0.0015636782666621936
1609125420000,-0.0010519132990725252
1609125480000,-0.0016141951134591445
1609125540000,-0.0026562886568166455
1609125600000,-0.0012746459254884116
1609125660000,-0.002731747449741145
1609125720000,0.0007594366298812234
1609125780000,0.0011683128726173195
1609125840000,-0.0006372698881313868
1609125900000,0.0007991524377923985
1609125960000,0.0007714918643401008
1609126020000,0.00029797117849172553
1609126080000,0.0008547856797945457
1609126140000,-0.00030146795497193387
1609126200000,0.0008360322718650884
1609126260000,-0.0016276183237460477
1609126320000,0.001985279482658665
1609126380000,0.002240207428820522
1609126440000,0.0030419622187692953
1609126500000,0.00476565862519024
1609126560000,0.0012762956497508501
1609126620000,0.0027205708288112057
1609126680000,-0.0003754039074735887
1609126740000,0.0009182535417879895
1609126800000,-0.0008266870573961415
1609126860000,-0.0024523937045457297
1609126920000,-0.0012949347106274653
1609126980000,-0.003622218672760506
1609127040000,0.0024004158018599685
1609127100000,0.0005895724855863508
1609127160000,0.0009963017481435907
1609127220000,0.0018466779598952316
1609127280000,-0.0020364659364249995
1609127340000,4.7950824841650115e-05
1609127400000,1.0559160144911863e-05
1609127460000,-1.1541251773736039e-05
1609127520000,0.0008883618982320836
1609127580000,0.00030838147774512584
1609127640000,-5.2715162153528316e-05
1609127700000,-0.001671589885143491
1609127760000,-0.001072859644689619
1609127820000,0.00025455592066055734
1609127880000,0.003448864225969602
1609127940000,0.00474173648214738
1609128000000,0.004124813730094219
1609128060000,0.0023562727384288593
1609128120000,-0.0009050965744471545
1609128180000,-0.001913787291819191
1609128240000,-0.003805132545274912
1609128300000,-0.0009694347806058797
1609128360000,-0.0001153594493968789
1609128420000,0.0003567459135957405
1609128480000,0.0009140542908488
1609128540000,0.002255233839522484
1609128600000,-0.0019839334623613005
1609128660000,-0.0010603256997516043
1609128720000,-0.002720404632025931
1609128780000,-0.0029653462658001777
1609128840000,-0.0015380033396240006
1609128900000,-0.0013920363105648637
1609128960000,-0.00056292697373667
1609129020000,-9.578510185124902e-05
1609129080000,-0.0016727611050621335
1609129140000,-0.0011053732633205546
1609129200000,-0.0024306363752027286
1609129260000,-0.0003837271461384043
1609129320000,9.253067087278157e-05
1609129380000,3.973708973224232e-05
1609129440000,-0.0022142921035245935
1609129500000,-0.0005101775601942969
1609129560000,-0.004334517872315792
1609129620000,-0.001800524903423717
1609129680000,0.0012480870491941437
1609129740000,-0.002475746879622168
1609129800000,0.0009417645545942282
1609129860000,0.00030901095493917474
1609129920000,-0.0008167599914523856
1609129980000,-0.0008444264975357174
1609130040000,0.002540840271870696
1609130100000,-0.0022189580623142983
1609130160000,-0.0014995843912933462
1609130220000,-0.0018822647417492688
1609130280000,-0.0059655459360646295
1609130340000,-0.0022520185664297713
1609130400000,-0.005216278525189271
1609130460000,-0.0032527326047428477
1609130520000,-0.0013363126762215441
1609130580000,-0.00225488623182183
1609130640000,-0.002172515302913511
1609130700000,0.00031503779894821173
1609130760000,1.537942928098039e-05
1609130820000,-0.0014621100839201132
1609130880000,-0.00014161440589735861
1609130940000,-0.0038239319136566348
1609131000000,-0.0017266175510119944
1609131060000,-0.001332160893154604
1609131120000,-0.0027452570476628312
1609131180000,0.0009288487032583822
1609131240000,0.0008132854512015856
1609131300000,-0.0014409566761607066
1609131360000,0.0028180590370593677
1609131420000,-0.0017318870478744083
1609131480000,0.0002936897846109319
1609131540000,-0.0036775808963544305
1609131600000,-0.002599785849746553
1609131660000,-0.0017790476638979249
1609131720000,-0.0019508367431408746
1609131780000,2.7126151491099075e-05
1609131840000,0.0018525955470972207
1609131900000,0.000990049561370216
1609131960000,0.000857935382751007
1609132020000,0.005741339030082409
1609132080000,0.0054018536103233395
1609132140000,0.004232332386519641
1609132200000,0.00415891166523428
1609132260000,0.0030159678138899824
1609132320000,0.002605728905067282
1609132380000,0.005482641927055967
1609132440000,0.0009577571771982622
1609132500000,0.002945891672633965
1609132560000,0.0026932747983886944
1609132620000,0.0007893924417983103
1609132680000,0.001516458006414537
1609132740000,0.001526386633498156
1609132800000,0.00012818486023102806
1609132860000,0.0020371899723137235
1609132920000,-0.0006054231020860189
1609132980000,-0.001741276021560428
1609133040000,0.0033966530827465014
1609133100000,0.001391871765418313
1609133160000,0.0035368175528841792
1609133220000,0.005696913071783064
1609133280000,0.0011501017003692582
1609133340000,0.0008174899264480239
1609133400000,0.00018437975278853998
1609133460000,-0.007382609116348963
1609133520000,-0.004408943265148441
1609133580000,-0.0024946624877728424
1609133640000,-0.0067719723172499375
1609133700000,-0.0005762025192525243
1609133760000,0.00035857883751585443
1609133820000,-0.0025698650947109415
1609133880000,-0.002144581964690217
1609133940000,-0.0002340691945742364
1609134000000,-0.002782349105736331
1609134060000,0.00013153031058128555
1609134120000,-0.00046347356050334334
1609134180000,-0.002409697747481132
1609134240000,-0.0013463039017342564
1609134300000,-0.003606506073228095
1609134360000,-0.0010763776523551958
1609134420000,-0.0005760723456174088
1609134480000,0.0017288317753602108
1609134540000,0.00199097694563273
1609134600000,0.004622349373670993
1609134660000,-0.0013735019258252483
1609134720000,-0.004028579883084537
1609134780000,-0.0032245340994237824
1609134840000,-0.006696381054547188
1609134900000,0.0006498329966910242
1609134960000,-0.0015608985031451959
1609135020000,-0.001612786571451875
1609135080000,0.0010822100355716284
1609135140000,-0.003138868732154057
1609135200000,-0.0015306068325705387
1609135260000,-0.0018884210922619326
1609135320000,-0.0005140451879097834
1609135380000,-0.0018536084604280922
1609135440000,0.0006085539798829551
1609135500000,0.0025341226158846425
1609135560000,0.001214479381987191
1609135620000,0.0035201581934385284
1609135680000,0.0006744279163281041
1609135740000,0.001585621477380415
1609135800000,0.001130275005521815
1609135860000,0.00021604935945269548
1609135920000,0.0007343152746912601
1609135980000,-0.0013896068636867268
1609136040000,-0.0010905605580016668
1609136100000,0.001987717107865044
1609136160000,-0.0018981735998319523
1609136220000,-0.00022330534809047114
1609136280000,0.001366340151453993
1609136340000,-0.0005993290441214247
1609136400000,-0.0007701845245581994
1609136460000,0.0014099124287789316
1609136520000,0.00017693133625476808
1609136580000,0.0014350824617314294
1609136640000,0.00025912579096132635
1609136700000,0.001555630510136745
1609136760000,0.0007866028368646112
1609136820000,0.00020501156494481966
1609136880000,0.0004938663858397574
1609136940000,-0.0014767988754479935
1609137000000,-0.0013179208447648327
1609137060000,-0.0011353098185243498
1609137120000,0.0006796155260140637
1609137180000,0.0008191916441394985
1609137240000,-0.0021899153309560887
1609137300000,0.0019731221975670264
1609137360000,-0.0010924133931614064
1609137420000,0.00028602681956329
1609137480000,4.996288096813351e-06
1609137540000,-0.0005878417619859865
1609137600000,0.001389376579717503
1609137660000,-7.686123950813065e-05
1609137720000,-0.0008742028317806116
1609137780000,0.001631466031800503
1609137840000,0.00015028395004187123
1609137900000,-0.0003392653282038995
1609137960000,0.0022601544628614236
1609138020000,0.001342433896020474
1609138080000,0.0009637840863088487
1609138140000,0.002722539716587683
1609138200000,0.0029665484646625466
1609138260000,0.00045563505311698485
1609138320000,0.0010580991664082056
1609138380000,0.00013550752124820157
1609138440000,0.0008341738320852194
1609138500000,-0.002421733634196542
1609138560000,0.0020445739185873586
1609138620000,-0.0004801156101255684
1609138680000,-0.0008289970219512579
1609138740000,0.0008605177703263253
1609138800000,-0.003648801281155887
1609138860000,-0.0007128741488990426
1609138920000,0.0007186509077970955
1609138980000,-0.0030152482053384735
1609139040000,0.0008349839652617348
1609139100000,-0.0011532740915134927
1609139160000,-0.0035291072821605775
1609139220000,-0.004646451514939707
1609139280000,-0.003941813070967648
1609139340000,-0.0031882131962060615
1609139400000,-0.004009629144443443
1609139460000,-0.00144986281280635
1609139520000,-0.0011106041332401742
1609139580000,-0.0007255299987992973
1609139640000,-0.001599404466788829
1609139700000,-0.0026915379133151365
1609139760000,-0.0023195844301595243
1609139820000,-0.0024165611052425775
1609139880000,-0.002786127856445841
1609139940000,-0.0012888698522384784
1609140000000,0.0006423039665665841
1609140060000,-3.740106297936828e-05
1609140120000,0.0024302563848244444
1609140180000,-0.0011774021552158128
1609140240000,0.0007353331987116399
1609140300000,-0.0002934870159821391
1609140360000,-0.0008491484923777196
1609140420000,-0.0010592721260769768
1609140480000,0.000879323838081556
1609140540000,-0.0014802732860924746
1609140600000,-0.001049769731359617
1609140660000,-0.003079670174759591
1609140720000,-0.007639941898222347
1609140780000,-0.0071852282165962384
1609140840000,-0.008066749691619147
1609140900000,-0.008408879639097127
1609140960000,-0.0017611376743021025
1609141020000,-0.0014666608093409637
1609141080000,-0.0017034970756338687
1609141140000,-0.0010882536139529206
1609141200000,0.0013839590143189594
1609141260000,-0.0030149741668098824
1609141320000,0.001974687326249885
1609141380000,0.00017773878744334055
1609141440000,0.0007167165219858377
1609141500000,0.0031994303932353697
1609141560000,0.0031389498852582923
1609141620000,0.004571379820719188
1609141680000,0.0018455363161013968
1609141740000,0.0027981032561883727
1609141800000,-0.0003693707308707832
1609141860000,0.0038354438652946072
1609141920000,0.0029691004895880404
1609141980000,0.002541683937088482
1609142040000,0.0045572857836895676
1609142100000,-0.0009484379413091142
1609142160000,-0.002702573756026798
1609142220000,-0.00045559710408736543
1609142280000,-0.0017166138910933596
1609142340000,-0.00022371542356287546
1609142400000,-0.002082775637427476
1609142460000,0.007754115625403031
1609142520000,0.002712927579403878
1609142580000,0.0031100616320332616
1609142640000,0.0014673537934345045
1609142700000,-0.0033908433809372585
1609142760000,-0.003670628664783858
1609142820000,-0.003054908773319428
1609142880000,-0.0014628839464791196
1609142940000,-0.0004945307816725965
1609143000000,0.0014338280317328718
1609143060000,0.001233343100776324
1609143120000,-0.001997307856427341
1609143180000,0.0004786446390018678
1609143240000,0.0008213155185572335
1609143300000,0.0050935608559785185
1609143360000,0.0033370268925673623
1609143420000,0.001953885665241555
1609143480000,-0.00038709216826364516
1609143540000,-0.0011272158671062464
1609143600000,-0.002906812363885869
1609143660000,0.00028034682973231124
1609143720000,0.002572464223653175
1609143780000,-5.4372443524719556e-05
1609143840000,-0.0008013112661446996
1609143900000,-0.0007430167808003065
1609143960000,-0.00487452486543657
1609144020000,-0.005177516448550431
1609144080000,-5.353143940735925e-05
1609144140000,-0.0007620490190689428
1609144200000,0.0022111673996603846
1609144260000,0.003222310475299369
1609144320000,0.0001666678978427953
1609144380000,-2.684651291390466e-05
1609144440000,-0.0007860546438724219
1609144500000,-0.002665121063447401
1609144560000,-0.0028723257015300175
1609144620000,-0.0035914672976362157
1609144680000,-0.0031497618473672923
1609144740000,-0.003872668859388813
1609144800000,-0.0023567141313278997
1609144860000,0.0003798282629892093
1609144920000,7.767212120191668e-05
1609144980000,0.0006823973833912162
1609145040000,-0.0005944047675534756
1609145100000,0.0007613726270551202
1609145160000,0.0018776822940146033
1609145220000,-0.0002501069184905601
1609145280000,0.00043203481032399755
1609145340000,-9.919665483777797e-05
1609145400000,-0.0011287995327907197
1609145460000,0.001350398778411568
1609145520000,-0.0019570890394931756
1609145580000,-0.0010436909005704402
1609145640000,-0.0009866269216872873
1609145700000,-0.0031696987931765326
1609145760000,-0.0012393233876734225
1609145820000,-0.0009283112334442073
1609145880000,-0.00242812585417358
1609145940000,0.0003337440848483832
1609146000000,0.00023931561917769922
1609146060000,0.001528582527096986
1609146120000,0.0002326747135992779
1609146180000,0.0034568657711989913
1609146240000,0.00211711510883662
1609146300000,0.0029319504208642814
1609146360000,-0.00030807799386541095
1609146420000,-0.0008497910601528968
1609146480000,0.000678806754667781
1609146540000,-0.0021249246359800935
1609146600000,-0.0004525824181121058
1609146660000,0.0016574887613094366
1609146720000,-0.0013727679349881188
1609146780000,-0.0003192653243766736
1609146840000,0.0012981671014265373
1609146900000,-0.0011348311364693055
1609146960000,-0.0016411176584418081
1609147020000,-0.0010060463320855709
1609147080000,-0.006294504542689673
1609147140000,-0.006099095220126335
1609147200000,-0.0026158093837670314
1609147260000,-0.001101449680925194
1609147320000,-0.0009621669525290505
1609147380000,-0.0008539981332926241
1609147440000,-0.0025040194352008356
1609147500000,-0.0015596375880370858
1609147560000,-0.0012628489002194936
1609147620000,-0.0003687788239201521
1609147680000,-0.0008356154870367251
1609147740000,-0.0010396621839390446
1609147800000,-0.0008382536598979635
1609147860000,-0.002427270441150979
1609147920000,0.00028091786801608717
1609147980000,0.0014079589238527057
1609148040000,0.002849305718302738
1609148100000,0.004513130884902672
1609148160000,0.0018883446774317384
1609148220000,0.0011415393748860614
1609148280000,-0.00010530489293911144
1609148340000,-0.0008993591756259731
1609148400000,-0.0002483761222201185
1609148460000,-0.0033790544024285686
1609148520000,-0.0036327275010672564
1609148580000,-0.004608334352366006
1609148640000,-0.004149163574750055
1609148700000,-0.0026585225193091733
1609148760000,0.00032791423481828245
1609148820000,0.0020297516916717257
1609148880000,0.0033617901600141403
1609148940000,0.00467293799783954
1609149000000,0.004929467705523088
1609149060000,0.0033171469736957442
1609149120000,0.0007334635352460153
1609149180000,-0.0011768812494766729
1609149240000,-0.003068169025884647
1609149300000,-0.00441796443805336
1609149360000,-0.0019636857201453203
1609149420000,0.0003507821453243447
1609149480000,0.0010463758803177738
1609149540000,0.00016990435390109725
1609149600000,-0.0014004252631800343
1609149660000,-0.004756394908332194
1609149720000,-0.003972463832927332
1609149780000,-0.0015941432105310016
1609149840000,-0.0012404577988756656
1609149900000,0.0040811678234544315
1609149960000,0.003084382618354279
1609150020000,0.0005900165180658652
1609150080000,-0.0006656119728608518
1609150140000,-0.0031988248043264074
1609150200000,-0.0029982935416222457
1609150260000,-0.0038204392490314267
1609150320000,-0.0006848489560909374
1609150380000,1.6149489773968897e-06
1609150440000,-4.757848533289076e-05
1609150500000,0.003937210761226604
1609150560000,0.0009849963948952937
1609150620000,-0.0003644423897750234
1609150680000,-0.0015646330859672819
1609150740000,-0.002878708984934475
1609150800000,-0.0022373531790013126
1609150860000,-0.0012986632036882215
1609150920000,0.0011344998114996285
1609150980000,0.0012545715339598285
1609151040000,0.0025258703480677603
1609151100000,0.00034744908949587393
1609151160000,0.0018320194372281411
1609151220000,-2.1795212160428024e-05
1609151280000,-0.003647175703380676
1609151340000,-0.0005633927906490094
1609151400000,-0.003150973224748324
1609151460000,0.0009571656118158472
1609151520000,-0.003006921893847535
1609151580000,-0.0020287153076434744
1609151640000,-0.001335943430977617
1609151700000,-0.002693509053637359
1609151760000,0.0022385362656355046
1609151820000,0.006658848656546755
1609151880000,0.005136943718640076
1609151940000,0.00493244221394629
1609152000000,0.008069089175821314
1609152060000,0.0037168824691504224
1609152120000,0.0029929963094748493
1609152180000,-0.0003074300885615006
1609152240000,-0.0013479924829500837
1609152300000,-0.001934077055024965
1609152360000,-0.0015453090182575213
1609152420000,-0.0020401344214346314
1609152480000,-0.0012789452020998539
1609152540000,0.000617217420196168
1609152600000,-0.0030269891653300776
1609152660000,-0.0026130062077568583
1609152720000,-0.0020781199042012558
1609152780000,-0.002508569586722631
1609152840000,0.00033519139586843816
1609152900000,0.0007935496978231502
1609152960000,-0.0003846453007126245
1609153020000,-0.0002695537174625952
1609153080000,-0.0024456165001522407
1609153140000,0.0011226588412592228
1609153200000,-0.00041392142811777456
1609153260000,-0.001212381612948169
1609153320000,1.8965129569287976e-05
1609153380000,-0.004610782727130376
1609153440000,-0.0014003349657456614
1609153500000,-0.002802995040787108
1609153560000,-0.0003810840994792635
1609153620000,-0.0008470927665867336
1609153680000,-0.0009929951643635065
1609153740000,-7.896204514041572e-05
1609153800000,-0.0069394510834344305
1609153860000,-0.002671048853912808
1609153920000,0.0018782801767450827
1609153980000,-0.004892669743316423
1609154040000,-5.500275218574919e-05
1609154100000,-0.0012018545922232553
1609154160000,-0.0034079260493689186
1609154220000,-5.067105478015932e-05
1609154280000,-0.0028659225890902778
1609154340000,-0.002702739975125291
1609154400000,-0.0019576466266311224
1609154460000,-0.0028838148279791303
1609154520000,0.00031254856591847967
1609154580000,-0.0023341261192338873
1609154640000,0.0004658887018292988
1609154700000,-0.00023228806514457494
1609154760000,-0.0021756808656723825
1609154820000,0.001236323222344358
1609154880000,0.0034078630491287507
1609154940000,0.0037570971396216667
1609155000000,0.005309120429354336
1609155060000,0.006038856166409275
1609155120000,0.004955273360578709
1609155180000,0.0047759535774109345
1609155240000,0.002748214528256699
1609155300000,0.0006639053536854851
1609155360000,-0.0015905680885558169
1609155420000,-0.0034045087736432854
1609155480000,-0.0017615089829624924
1609155540000,-0.0010042541426073647
1609155600000,0.002789218076965886
1609155660000,-0.00012117643582919021
1609155720000,0.0031154610422179517
1609155780000,0.00041975786780723686
1609155840000,0.0009427316515427989
1609155900000,-0.001491830093437431
1609155960000,-0.00018391279365748256
1609156020000,-0.003575042273072623
1609156080000,-0.0011412442327984927
1609156140000,-0.0019422676886204548
1609156200000,-0.0034317017245220857
1609156260000,-0.0014380838227122802
1609156320000,-0.0019504441102449084
1609156380000,-0.0013444235520302763
1609156440000,-0.001877677485318255
1609156500000,0.00027882803741018363
1609156560000,-2.5403116161137716e-06
1609156620000,-0.0016210341736037955
1609156680000,-0.002044866667635667
1609156740000,-0.0019098249522619105
1609156800000,-0.0036803810124460524
1609156860000,-0.0017917293618429364
1609156920000,-0.0012448188160664804
1609156980000,0.0037470395028143064
1609157040000,0.0027643352159787507
1609157100000,0.0026493613610271195
1609157160000,0.0042810932283615915
1609157220000,-0.0012380998674606397
1609157280000,-0.0025870811700405604
1609157340000,-0.003554424283197728
1609157400000,-0.0024728092141690448
1609157460000,-0.0030232977870490617
1609157520000,-0.0011579562693249839
1609157580000,0.0015709029446144614
1609157640000,0.00041267572333781
1609157700000,0.003963980942433051
1609157760000,0.0026846530329507905
1609157820000,0.008321026724352856
1609157880000,0.006391857948936753
1609157940000,0.007681431517519789
1609158000000,0.007698872285205282
1609158060000,0.003821594324187022
1609158120000,0.006030322842632409
1609158180000,0.0038139908506435024
1609158240000,0.0005907669197368638
1609158300000,0.003951427204956883
1609158360000,-7.961189044880041e-05
1609158420000,0.0014443669731129412
1609158480000,0.0002583866257381286
1609158540000,-0.002210071339582387
1609158600000,0.003221382680675317
1609158660000,0.004254888494138983
1609158720000,0.007141878821630037
1609158780000,0.00531091534565177
1609158840000,0.00858012216255292
1609158900000,0.008081340819658939
1609158960000,0.002887484916678352
1609159020000,0.0038520054084037678
1609159080000,-0.0015025578875415787
1609159140000,-0.004194494201512298
1609159200000,-0.004998376042281276
1609159260000,0.004040474552494329
1609159320000,0.004471196147363192
1609159380000,0.0014893884031977488
1609159440000,0.000887124151179325
1609159500000,-0.0033910196845398574
1609159560000,-0.009646947439081744
1609159620000,-0.006597429700792479
1609159680000,-0.003224084458606503
1609159740000,-0.0008997846994665888
1609159800000,-0.003321343269487994
1609159860000,-0.0011229724130015068
1609159920000,0.0012600173155530513
1609159980000,0.0007361105654566217
1609160040000,0.0009720147388194673
1609160100000,0.003335473805325541
1609160160000,0.0013990853738200513
1609160220000,0.0016411948391189086
1609160280000,0.00020909831797096196
1609160340000,-0.00012683498932580242
1609160400000,0.004928954217901587
1609160460000,0.004027834746325851
1609160520000,0.005806354413499362
1609160580000,0.005199843250823775
1609160640000,0.002957275079399394
1609160700000,0.0012576773168448169
1609160760000,0.0002713401404908595
1609160820000,0.008174001291855037
1609160880000,0.008779703052134812
1609160940000,0.005931095264324228
1609161000000,0.0029013441812144594
1609161060000,0.003357242490069489
1609161120000,-0.002036991627867607
1609161180000,0.0034080271532363118
1609161240000,0.002195603710058
1609161300000,-0.00025835519232203204
1609161360000,-0.003758900349830724
1609161420000,-0.006156279585762325
1609161480000,-0.007341617374323995
1609161540000,-0.003597937974741566
1609161600000,-0.0016773343209770667
1609161660000,-0.0032670499962771547
1609161720000,0.00018023553367626735
1609161780000,-0.0025138927875950935
1609161840000,-0.0035974254030839586
1609161900000,0.0013691705258566862
1609161960000,0.0017412601163792794
1609162020000,0.0016254849085612423
1609162080000,0.004239993885686521
1609162140000,0.0011024323065990048
1609162200000,0.0017180187043333353
1609162260000,-0.0021547142716882672
1609162320000,-0.006623720506866337
1609162380000,-0.0028216986219969536
1609162440000,-0.003528453669118004
1609162500000,-0.007230300829148786
1609162560000,-0.003995025700293935
1609162620000,0.0012688898010116123
1609162680000,-0.003980467312250621
1609162740000,-0.0035229526540201295
1609162800000,0.0002381943846343032
1609162860000,-0.0021753440284008377
1609162920000,0.0001355060925707805
1609162980000,0.004932736690686884
1609163040000,0.001970154126802945
1609163100000,-0.0014031479300244032
1609163160000,-0.0009801562515271945
1609163220000,-0.0042384268956333895
1609163280000,-0.003049957112911823
1609163340000,-0.0014191629783611162
1609163400000,-0.0008305466797067217
1609163460000,-0.0018699593352660096
1609163520000,-0.001254069050511043
1609163580000,-0.0008245497398934584
1609163640000,-0.0029293125468436106
1609163700000,-0.0031177488960777524
1609163760000,-0.003542913334653488
1609163820000,0.00014927888758270357
1609163880000,-0.0015713980076118783
1609163940000,-0.00034488987741009426
1609164000000,0.005594203407280641
1609164060000,0.0039405473431072344
1609164120000,0.004130442195604441
1609164180000,0.004034230860757316
1609164240000,0.00041345918352261705
1609164300000,-0.0039508674529795335
1609164360000,-0.001430360160524966
1609164420000,-0.0034319282515102635
1609164480000,-0.0020275896836606474
1609164540000,-0.0033539095536030718
1609164600000,0.002056813925504013
1609164660000,-0.002078704013086626
1609164720000,-0.0013186393837589083
1609164780000,0.00024006008884383756
1609164840000,0.0001978396742638077
1609164900000,0.0025910053263605605
1609164960000,0.0019741629446487427
1609165020000,0.0017136563533914095
1609165080000,-0.0006247333536398144
1609165140000,-0.0008407152710543962
1609165200000,0.0005300441791699412
1609165260000,-0.0013580924069449703
1609165320000,-0.00048734786972226963
1609165380000,4.9452494207641235e-05
1609165440000,-0.0009044947012534982
1609165500000,0.0012915952437241428
1609165560000,0.000924399376273984
1609165620000,0.0007490164861319329
1609165680000,0.0009882968813585923
1609165740000,0.00011449742791322295
1609165800000,-0.00011961729528241979
1609165860000,-1.620298108276843e-05
1609165920000,-0.0016017869877255396
1609165980000,-0.0010709002538943698
1609166040000,-0.0013017042399139501
1609166100000,0.0006486898106891787
1609166160000,-0.000541731767204628
1609166220000,-0.00018760279336128155
1609166280000,-8.411829923078963e-05
1609166340000,0.0007771405826723705
1609166400000,0.000799576937315173
1609166460000,0.000915232449880302
1609166520000,0.0026762270640914372
1609166580000,-0.0004142088787842323
1609166640000,0.001571281880018395
1609166700000,0.001073321665404645
1609166760000,0.00015528807050690918
1609166820000,-0.0005994268104749736
1609166880000,-0.0008536447778090565
1609166940000,0.00221264951335003
1609167000000,-0.0005512317159978529
1609167060000,0.0007773582109697217
1609167120000,0.001246061683398781
1609167180000,-0.0006800242201487702
1609167240000,-0.000534932339593659
1609167300000,-0.0016205210143908956
1609167360000,-0.001089302929211002
1609167420000,-0.0010831955670801367
1609167480000,-0.0008247157918811086
1609167540000,-0.00034678552240683985
1609167600000,0.0013877659813912573
1609167660000,0.0012163477909515011
1609167720000,0.002385694679337951
1609167780000,0.0003898898619383949
1609167840000,0.00013819529459085803
1609167900000,-0.0015676444030219944
1609167960000,-0.001806296917423365
1609168020000,-0.0026280939035878328
1609168080000,-0.002337093702537582
1609168140000,0.0003786976449457957
1609168200000,1.3794357932327295e-05
1609168260000,0.004326420095407376
1609168320000,0.006723867173311011
1609168380000,0.0028054955067972217
1609168440000,0.0017537134361857636
1609168500000,-0.0010660962097038065
1609168560000,-0.001341974948386031
1609168620000,-0.0010073656741044772
1609168680000,0.0031061271671007583
1609168740000,0.0014974547410910363
1609168800000,0.0011794518638342877
1609168860000,0.0009557441254083603
1609168920000,0.0042656572987001895
1609168980000,-0.0016195672790461338
1609169040000,0.0015873911246887028
1609169100000,0.0024188877073334307
1609169160000,-0.0032661411011286373
1609169220000,0.0010156662704785327
1609169280000,-0.0028380582863319027
1609169340000,-0.004503116312303756
1609169400000,0.0004654390276592494
1609169460000,-0.0024394079617795677
1609169520000,-0.002083248337629291
1609169580000,-0.0002167715457537247
1609169640000,0.00025352927914541805
1609169700000,0.0013919834692826076
1609169760000,0.0018366354680840675
1609169820000,0.0019619496888964496
1609169880000,0.00280087592865652
1609169940000,-5.1691516251262785e-05
1609170000000,0.001416765128870899
1609170060000,0.0012214518944776646
1609170120000,0.0015633378546575571
1609170180000,0.0015758126582054747
1609170240000,-0.000295631559399536
1609170300000,-4.1397071563274306e-05
1609170360000,-0.0022053943078045872
1609170420000,-0.005196035845644042
1609170480000,-0.0032962024722974757
1609170540000,-0.004729105769693271
1609170600000,-0.0017647420559323468
1609170660000,-0.002105286066191731
1609170720000,0.0018159092809613567
1609170780000,0.0018298929534469172
1609170840000,0.002880020551857678
1609170900000,-0.00014377374931896206
1609170960000,0.0009653438948454562
1609171020000,1.8419543386260346e-05
1609171080000,-0.002134125611178722
1609171140000,-0.000483786911544437
1609171200000,-0.0023834783798178257
1609171260000,-0.001994952823463368
1609171320000,-0.0015787013450605113
1609171380000,0.0008436082848322457
1609171440000,-0.0033939836138429085
1609171500000,-0.0020542648093458547
1609171560000,-0.0021059579115279316
1609171620000,-0.0060621060315562995
1609171680000,-0.002880215433535088
1609171740000,-0.001967911953575839
1609171800000,-0.0020131523397906217
1609171860000,-0.0007210538251551652
1609171920000,0.002968673357099116
1609171980000,0.0022948791513517476
1609172040000,0.0004176105831767584
1609172100000,0.002662685443423504
1609172160000,0.0004908381857555591
1609172220000,-0.0012477702301000447
1609172280000,-0.0001618465269577862
1609172340000,-0.0023777567590678424
1609172400000,-0.0006488181909782227
1609172460000,8.241185931383524e-05
1609172520000,-0.001678069319398617
1609172580000,0.001295312696552063
1609172640000,0.0002482095915951643
1609172700000,-0.0016562678643842002
1609172760000,0.0013498448167992155
1609172820000,-0.0010799968916060656
1609172880000,0.0005649646573347219
1609172940000,0.000781752913196801
1609173000000,8.310412635325676e-05
1609173060000,0.0021035224915292665
1609173120000,-0.001591032559684653
1609173180000,-0.0010059666918778372
1609173240000,-0.000991502590348955
1609173300000,-0.0033019538091207047
1609173360000,-0.0029554500817981265
1609173420000,-0.0020749213568240442
1609173480000,-0.003554637400098729
1609173540000,-0.0006216992545718961
1609173600000,-0.00486179497522923
1609173660000,-0.0015233498788774647
1609173720000,-0.0030959124934497105
1609173780000,0.00016638436039398418
1609173840000,0.004562532300461868
1609173900000,0.004960960610978201
1609173960000,0.0034483228379808537
1609174020000,0.003499644531914528
1609174080000,0.0017150469270716506
1609174140000,0.00020672732928808148
1609174200000,0.0024432481041383055
1609174260000,0.0015076495095463517
1609174320000,0.001209086490562147
1609174380000,0.0006783199095909004
1609174440000,-0.0014889789742176427
1609174500000,-0.002639024932531207
1609174560000,-0.0021224017740767674
1609174620000,-0.003640563690537217
1609174680000,-0.0023213986062634606
1609174740000,-0.0015232544259425383
1609174800000,0.0016774823826757248
1609174860000,0.00033056982431686695
1609174920000,-0.0021218590105360697
1609174980000,-0.0012989499482081068
1609175040000,-0.002621400524589794
1609175100000,-0.0038261111016363236
1609175160000,-0.00014267604900634407
1609175220000,2.0944584218670082e-05
1609175280000,-0.004650614939704078
1609175340000,-0.005220574690660806
1609175400000,-0.004921509237872785
1609175460000,-0.006604351248179102
1609175520000,-0.00394951342553333
1609175580000,-0.0014127891884756535
1609175640000,-0.0037808154058123432
1609175700000,-0.0022207742828187303
1609175760000,-0.004713320392057669
1609175820000,-0.0053738679951432404
1609175880000,-0.006435793505379877
1609175940000,-0.0035301448009413517
1609176000000,-0.0008104798273567468
1609176060000,-0.0016133529841803238
1609176120000,0.0021109437006456605
1609176180000,0.000857605978199595
1609176240000,0.0016928573624586413
1609176300000,0.0035342422993240212
1609176360000,0.006992739574430191
1609176420000,0.006784299004638771
1609176480000,0.004142895967097861
1609176540000,8.405481993042932e-05
1609176600000,-7.766607474028553e-05
1609176660000,-0.0017215688452618093
1609176720000,0.0003082985060671409
1609176780000,0.0002080872315876872
1609176840000,0.000251803444302755
1609176900000,-0.00158268244937055
1609176960000,-0.0017938455233201655
1609177020000,-0.0027825636512065557
1609177080000,-0.006602041490891407
1609177140000,-0.0013052387240022282
1609177200000,-0.0037110479115536723
1609177260000,-0.002175714747194353
1609177320000,-0.005707229881813584
1609177380000,-0.0014167669972383118
1609177440000,-0.003634854231739578
1609177500000,0.0004432118210009653
1609177560000,0.0021305268706685483
1609177620000,-0.0001849509858535702
1609177680000,0.002178712000412189
1609177740000,-0.002413251859653284
1609177800000,0.0008864867534622004
1609177860000,-0.0008268748482225826
1609177920000,0.0006327001737526613
1609177980000,0.00031809229616468015
1609178040000,-0.0005112391867397413
1609178100000,0.0028001828863275613
1609178160000,0.0011468113217607807
1609178220000,0.0016000014446156342
1609178280000,0.002065055774481834
1609178340000,-0.0010213200005865113
1609178400000,-0.0006999330368843271
1609178460000,-0.002462761686141375
1609178520000,-0.001952821391222018
1609178580000,0.003186946128294475
1609178640000,0.002349737708115413
1609178700000,0.003953636705299136
1609178760000,0.005493912518139025
1609178820000,0.005782264415674548
1609178880000,0.004236802402820985
1609178940000,0.0018322866244339909
1609179000000,0.0012104258449236172
1609179060000,-0.0021188795249440515
1609179120000,-0.002260850441974116
1609179180000,-0.0027924727727021005
1609179240000,-0.0007270253342216335
1609179300000,-0.003084554459885081
1609179360000,-0.003523023429185622
1609179420000,-0.002325716858870066
1609179480000,-0.0029084666141469275
1609179540000,9.8250171332931e-05
1609179600000,-0.002100594050788627
1609179660000,0.000614150303779561
1609179720000,-0.0013394654033958495
1609179780000,-0.0017292343061783284
1609179840000,0.001371988796567009
1609179900000,0.00016660805760743618
1609179960000,0.0007599637979519618
1609180020000,0.0009820868745690334
1609180080000,0.00011804102157280602
1609180140000,-0.00032362535064167945
1609180200000,5.669439252311221e-05
1609180260000,-0.0012799868420055745
1609180320000,-0.002483821070208347
1609180380000,-0.0006406858480383684
1609180440000,-0.000779791079867622
1609180500000,0.0013205573064856548
1609180560000,0.0003926381717666313
1609180620000,-0.00033232109139111956
1609180680000,0.001272877040946503
1609180740000,0.0001536095225524703
1609180800000,-0.0008333640874616579
1609180860000,-0.0015201232824747619
1609180920000,-0.0031929778268998924
1609180980000,-0.0015571648497980594
1609181040000,0.0019754396906902726
1609181100000,0.00029660822364674204
1609181160000,0.004848867259246282
1609181220000,0.007948927667883835
1609181280000,0.004595495691722192
1609181340000,0.003235496236858824
1609181400000,0.0008060133150443949
1609181460000,0.00015096544357614226
1609181520000,-0.0009703714080062689
1609181580000,-0.00030365885966944853
1609181640000,0.0007481229016035873
1609181700000,-0.0013314018355562007
1609181760000,-0.0010305922072274952
1609181820000,-0.001101615785741858
1609181880000,0.0005143037472360903
1609181940000,-0.0005167754779293274
1609182000000,6.968722475708379e-05
1609182060000,0.0002451211254997629
1609182120000,-0.002069687535792237
1609182180000,0.00167824622087769
1609182240000,0.0025686104384057794
1609182300000,0.008415090767135168
1609182360000,0.002499451725872616
1609182420000,0.0009438457153399531
1609182480000,-0.001406010404987891
1609182540000,-0.002829834239016852
1609182600000,-0.0028804506074289944
1609182660000,-0.005450289290222552
1609182720000,-0.0017797854470623677
1609182780000,0.0017306589192031842
1609182840000,-0.0038253531250672206
1609182900000,0.0016834947118980407
1609182960000,0.0015188079189560866
1609183020000,-0.0026416141379555316
1609183080000,-0.0018555927265931852
1609183140000,-0.005098383349834699
1609183200000,-0.004283244617177512
1609183260000,-0.0034549095029691133
1609183320000,0.0009524585627150626
1609183380000,0.0014909787837208684
1609183440000,0.001897072283384157
1609183500000,0.0034586133443699147
1609183560000,0.00012205690942008877
1609183620000,-0.0030641421531970854
1609183680000,-0.0034693668691304475
1609183740000,-0.0037729003671589153
1609183800000,-0.0031846916277971644
1609183860000,-0.0017042264989813392
1609183920000,0.001311777541080427
1609183980000,-0.0006279226176071073
1609184040000,-0.0003035390842853268
1609184100000,-8.696591534986853e-05
1609184160000,0.0004867121381715554
1609184220000,0.0023069350679491125
1609184280000,0.002271970369166407
1609184340000,0.00044969511497438663
1609184400000,0.0015558004057495834
1609184460000,-0.0013151660617582053
1609184520000,-0.0009888525637834252
1609184580000,-0.001532587985591139
1609184640000,0.001381682555070322
1609184700000,-0.0006917726215241256
1609184760000,-0.0015765346623277101
1609184820000,-0.003226054149591948
1609184880000,-0.0050073563253734705
1609184940000,-0.008383064427184487
1609185000000,-0.007633792102777712
1609185060000,-0.0038422905319365746
1609185120000,-0.004700055892190423
1609185180000,-5.25683752467348e-05
1609185240000,0.0022553433745779333
1609185300000,0.0012453190344416133
1609185360000,0.006396187976479248
1609185420000,0.004509560423689955
1609185480000,-0.001142640201508614
1609185540000,0.0015633078961465265
1609185600000,2.6013301449687e-06
1609185660000,-0.0026731052361534773
1609185720000,-0.001167872078369533
1609185780000,-0.0035697882922315224
1609185840000,-0.0037256908700286557
1609185900000,-0.001573763679579442
1609185960000,-0.00283739999469394
1609186020000,-0.0005645437561637757
1609186080000,0.0028427824336946903
1609186140000,0.0012177517866408007
1609186200000,0.0035222204015674646
1609186260000,0.0031641614615291326
1609186320000,-0.00015265834525256418
1609186380000,-0.001477464346355978
1609186440000,-0.0002109497785740737
1609186500000,-0.0025647221894554554
1609186560000,0.00028419775316809726
1609186620000,0.001051785350018937
1609186680000,0.00015776417151095666
1609186740000,0.0007132416548845817
1609186800000,-6.363654149662389e-05
1609186860000,0.003342500952565862
1609186920000,0.0036992938333780825
1609186980000,1.071867147933866e-06
1609187040000,0.0024667634807776324
1609187100000,0.003639158453579121
1609187160000,0.0013580694933765646
1609187220000,0.002609520189708521
1609187280000,0.002133460434190203
1609187340000,0.0019106521045737636
1609187400000,0.0012637376889439304
1609187460000,0.0025485560324595875
1609187520000,0.00047556944903153484
1609187580000,-0.0028108638901587976
1609187640000,0.002698988857446111
1609187700000,-0.001267422388522019
1609187760000,0.0014006489415330336
1609187820000,0.002247445642680565
1609187880000,0.003448765788752779
1609187940000,0.001171870372637069
1609188000000,0.004087167472324527
1609188060000,-0.002751614976766581
1609188120000,-0.0007347063116959936
1609188180000,-0.001359614051784203
1609188240000,-0.002810121155491501
1609188300000,0.003260904136678165
1609188360000,0.0007640391211013734
1609188420000,0.004087884322920774
1609188480000,0.00014449697039405074
1609188540000,0.004105816020582722
1609188600000,0.004500729547238173
1609188660000,0.0011530152941857943
1609188720000,0.0010194158279287998
1609188780000,-0.005149217163644779
1609188840000,-0.00647207400950401
1609188900000,-0.00526129109945987
1609188960000,-0.004211446240087018
1609189020000,-0.0030650303086161676
1609189080000,-0.0017348169513541913
1609189140000,0.00028911439166886985
1609189200000,-0.0029166020705134405
1609189260000,-0.002958845482509202
1609189320000,-0.0022243770577264795
1609189380000,-0.004332204811001631
1609189440000,-0.0026647061213421618
1609189500000,-0.001418953321621586
1609189560000,-0.00226235270412488
1609189620000,0.0003262119586422277
1609189680000,-0.0014564954622129987
1609189740000,0.0005547547688178799
1609189800000,-0.0005599485935144666
1609189860000,-0.0008359428327602115
1609189920000,-0.0017444771084900318
1609189980000,-0.0017506835239310462
1609190040000,-0.004208605067526604
1609190100000,-0.004600280924212147
1609190160000,-0.00314002729373168
1609190220000,0.003023712197148117
1609190280000,0.0028543811061428584
1609190340000,0.005246988369636183
1609190400000,0.004878569473858912
1609190460000,0.0019550489583785528
1609190520000,-0.001856978874932506
1609190580000,-0.0003372908996496689
1609190640000,-0.002288364515821599
1609190700000,-0.003436525797657114
1609190760000,-0.0024219307140208248
1609190820000,-0.002702352132473253
1609190880000,-0.0020386071231377795
1609190940000,0.0018313458356122173
1609191000000,0.0020698502224164557
1609191060000,0.002135517327333357
1609191120000,0.001976030073675643
1609191180000,0.00035421696797029433
1609191240000,-0.0030146414615063186
1609191300000,-0.003412220088746495
1609191360000,-0.0029100543101735744
1609191420000,-0.004441982741536574
1609191480000,-0.0038150964059944885
1609191540000,-0.005159759187110355
1609191600000,-0.008219964782277288
1609191660000,-0.007662953832132562
1609191720000,-0.004336104897461782
1609191780000,-0.0046899952341527525
1609191840000,0.0028924616968590434
1609191900000,-0.00010156517392354091
1609191960000,-0.006894222820568636
1609192020000,0.00013527070837352103
1609192080000,-0.006153079423084732
1609192140000,-0.004042699782281492
1609192200000,-0.0013943925026790316
1609192260000,-0.0009862816590177354
1609192320000,0.0010742128904916181
1609192380000,0.0008833701394866219
1609192440000,3.812008134105221e-05
1609192500000,-0.00013988732292039626
1609192560000,0.0007691746589926564
1609192620000,-0.0015220370143584443
1609192680000,0.00401285484786024
1609192740000,0.00427024264536028
1609192800000,0.00484336710020392
1609192860000,-0.001373045250101135
1609192920000,-0.00371951620577472
1609192980000,-0.007504154520341635
1609193040000,-0.00742534188404235
1609193100000,-0.004548797369187249
1609193160000,-0.0081540552399254
1609193220000,-0.005612067500625233
1609193280000,-0.008970059705054012
1609193340000,-0.010677483321727915
1609193400000,-0.006530680070004623
1609193460000,-0.006406442576716696
1609193520000,-0.0022115019396853667
1609193580000,-0.007557915164642622
1609193640000,-0.007498264371913178
1609193700000,-0.003425212438088375
1609193760000,-0.009068641400200876
1609193820000,0.00491553824622513
1609193880000,0.0016545243016825248
1609193940000,0.006681055395887552
1609194000000,0.00999215563798121
1609194060000,-0.0005450824947633464
1609194120000,7.476087311573471e-05
1609194180000,0.002395941595561831
1609194240000,0.0030763331809390217
1609194300000,0.0011050802718742935
1609194360000,0.0036298724986554855
1609194420000,0.004320590798185326
1609194480000,0.0020942344558711563
1609194540000,0.0038546654438604633
1609194600000,0.003973540225032111
1609194660000,0.003944812161749232
1609194720000,0.011384609188605276
1609194780000,0.01159148076812406
1609194840000,0.02196145890695696
1609194900000,0.014762487845878908
1609194960000,0.01226531154226919
1609195020000,0.0022894431796329244
1609195080000,-0.0037835809793162725
1609195140000,-0.008764409664723097
1609195200000,-0.004404820712117687
1609195260000,-0.0012081248726899135
1609195320000,-0.006090343865686023
1609195380000,-0.0017317209301788454
1609195440000,0.003154323871977914
1609195500000,4.4241682611505513e-05
1609195560000,0.010604410396138235
1609195620000,0.013363336114170642
1609195680000,0.004113006162292903
1609195740000,0.012524023444735856
1609195800000,0.009390587576768375
1609195860000,0.0029209439164023148
1609195920000,-0.002277867595151083
1609195980000,0.0015021214821904036
1609196040000,-0.005428348485822468
1609196100000,-0.00425358521666633
1609196160000,-0.0018254410008264575
1609196220000,-0.002425675674752393
1609196280000,-0.005918530754332594
1609196340000,-0.0009751160570587227
1609196400000,-0.0028480614862420968
1609196460000,-0.0022575993245351907
1609196520000,-0.0026406385669328243
1609196580000,-0.002320457315662632
1609196640000,-0.004856741344378709
1609196700000,-0.0010801615422663608
1609196760000,0.002523631675197332
1609196820000,-0.0026168027034555352
1609196880000,0.0035391171603965433
1609196940000,0.002985168948450417
1609197000000,0.000380218868927112
1609197060000,0.0018877593099430362
1609197120000,0.002511956422302136
1609197180000,0.0009276941786471335
1609197240000,-0.0005849687713713553
1609197300000,0.005839741510056805
1609197360000,0.0017295787713332426
1609197420000,0.003338243027345371
1609197480000,0.002101634071280769
1609197540000,-0.0017217669298654312
1609197600000,0.0003047374855199548
1609197660000,-0.0007695451532332272
1609197720000,0.002886684696741542
1609197780000,-0.00014119288284295467
1609197840000,-7.230513685842845e-05
1609197900000,-0.0015407709651113562
1609197960000,0.0005271970973126115
1609198020000,-0.0024827659662548423
1609198080000,-0.0025043054478380237
1609198140000,0.0001708208662815855
1609198200000,-0.0030430140192528694
1609198260000,-0.00023345866058125818
1609198320000,0.000705946661210261
1609198380000,-0.0038814103916711955
1609198440000,-0.0033536378106815362
1609198500000,-0.00368553826877849
1609198560000,-0.009538103691553737
1609198620000,-0.00683697905223554
1609198680000,-0.0065273276926748015
1609198740000,-0.005837386511523129
1609198800000,0.004856977112919846
1609198860000,-0.0004625803483086552
1609198920000,-8.577572782489155e-05
1609198980000,-0.0020221572314805666
1609199040000,-0.006181805170432542
1609199100000,-0.00459110534100503
1609199160000,-0.0015890887399130148
1609199220000,-0.0030913393340863647
1609199280000,-0.0039818390980639416
1609199340000,-0.0029366520618840353
1609199400000,-0.003760880172732401
1609199460000,-0.007925037259315648
1609199520000,-0.004334124750966691
1609199580000,-0.0008095419740948534
1609199640000,-0.0005548911271470461
1609199700000,0.005085166429024264
1609199760000,0.007728357085711997
1609199820000,0.009748124841727247
1609199880000,0.0070405647142827155
1609199940000,0.005077295547138371
1609200000000,-0.0016354201346390402
1609200060000,-0.0034370483584078497
1609200120000,-0.013895178227814014
1609200180000,-0.014911935607693638
1609200240000,-0.02380728879348821
1609200300000,-0.014785948396253284
1609200360000,-0.0192244344489376
1609200420000,-0.021338561200349698
1609200480000,-0.017786150970546623
1609200540000,-0.015509870778444871
1609200600000,-0.01546993443649089
1609200660000,-0.002863812478865631
1609200720000,-0.011375505147103336
1609200780000,-0.00617090014076555
1609200840000,0.0014988167990606447
1609200900000,-0.0014381129091392661
1609200960000,0.0013189728714382727
1609201020000,-0.004769485243043948
1609201080000,-0.012585333167805838
1609201140000,-0.014009500548731346
1609201200000,-0.005765946969074851
1609201260000,-0.00366720300446956
1609201320000,-0.001222916967496082
1609201380000,0.004803061986401291
1609201440000,-0.012608197735624382
1609201500000,-0.00894511076377472
1609201560000,-0.0021395234926649895
1609201620000,-0.00748556924249311
1609201680000,0.002416411536387727
1609201740000,0.0009044438612430428
1609201800000,0.008609320688788722
1609201860000,0.0019384341972638105
1609201920000,0.006222004908758425
1609201980000,0.00198159918289517
1609202040000,0.0013489433679151669
1609202100000,0.010978935106203864
1609202160000,0.00906371410028313
1609202220000,0.008008852750220934
1609202280000,0.004947457877394646
1609202340000,0.0018325051638454256
1609202400000,0.0012484826685820165
1609202460000,0.00035522914351369044
1609202520000,0.009318869734353216
1609202580000,-0.003084237859360009
1609202640000,0.0032422872607155485
1609202700000,-0.004723066610619595
1609202760000,-0.007464922575615338
1609202820000,-0.0034699903548305517
1609202880000,0.00013254798455987336
1609202940000,-0.0005667307616468516
1609203000000,-0.001107023782967151
1609203060000,0.0013393172331168516
1609203120000,-0.0025633146171365776
1609203180000,0.003473042669554881
1609203240000,0.009203171537908979
1609203300000,0.006444519477811539
1609203360000,0.01123638034411154
1609203420000,0.0031309277137868117
1609203480000,-0.0032248888635357485
1609203540000,-0.00392527699907435
1609203600000,0.0028304485929948413
1609203660000,5.5155900861041454e-05
1609203720000,-0.0023633266063861325
1609203780000,0.0019494637095968542
1609203840000,-0.0038306775211042797
1609203900000,-0.006710662682164837
1609203960000,-0.009269761896442056
1609204020000,-0.0015997634146004535
1609204080000,1.7099872780138607e-05
1609204140000,-0.0036656333085845804
1609204200000,0.001411552115724089
1609204260000,-0.009642697170378084
1609204320000,-0.009808117458810559
1609204380000,-0.00885225988728524
1609204440000,-0.005531548133952427
1609204500000,-0.0014232297445429785
1609204560000,-0.00050876655819895
1609204620000,0.00308797952441889
1609204680000,-0.005664245556564925
1609204740000,-0.0020753219569708305
1609204800000,-0.004691512996401402
1609204860000,-0.0023620931025163444
1609204920000,0.005782066139130196
1609204980000,0.0025187110066463214
1609205040000,0.010974452699020037
1609205100000,0.005063548364334891
1609205160000,0.006655832876680901
1609205220000,-0.00034775770717425006
1609205280000,-0.00038433830196938517
1609205340000,0.0006284167840481858
1609205400000,0.0002641774752428385
1609205460000,0.007577108002866594
1609205520000,0.010105384232806911
1609205580000,0.006372356233343069
1609205640000,0.0017616363154049873
1609205700000,0.0010028212184613069
1609205760000,-0.0010164465774117584
1609205820000,-0.0021341964333002664
1609205880000,0.0014998724036559723
1609205940000,-0.001707049375934924
1609206000000,-0.003060857600491732
1609206060000,-0.0063606879730463365
1609206120000,-0.003911919676052458
1609206180000,-0.00175511130308004
1609206240000,-0.0008285209388924366
1609206300000,1.2871799091557873e-05
1609206360000,-0.0012379501992706302
1609206420000,-0.004244269405506502
1609206480000,-0.0035932229079324997
1609206540000,-0.001612881275976948
1609206600000,0.0033659108604227783
1609206660000,-0.0008411080398168949
1609206720000,0.0035154682029051934
1609206780000,-0.0007808903707283122
1609206840000,0.0018026250189693645
1609206900000,0.0009440672170185323
1609206960000,0.0017650852225710237
1609207020000,0.002413437388783391
1609207080000,-0.0019292364972950495
1609207140000,0.0014094272174537857
1609207200000,0.0030506788236663107
1609207260000,0.0006535828757951279
1609207320000,0.002448677371585656
1609207380000,0.004342441392642968
1609207440000,0.0010051334413011654
1609207500000,0.004151489354623424
1609207560000,0.007921745457889304
1609207620000,0.007936403113805241
1609207680000,0.010697333716886836
1609207740000,0.007730059195895113
1609207800000,0.0050351758896129495
1609207860000,0.0015523548422193374
1609207920000,-0.000569295772212726
1609207980000,-0.002449449417575328
1609208040000,-0.003468584981164884
1609208100000,-0.002041029988959605
1609208160000,-0.001936690574393856
1609208220000,-0.004253336990039425
1609208280000,-0.0037035652364588965
1609208340000,-0.0014165849283169173
1609208400000,0.001047361284184987
1609208460000,-0.0027846079353576977
1609208520000,-7.297687781202576e-05
1609208580000,-0.000488167698939463
1609208640000,-0.0022032514988957683
1609208700000,0.0007334131292978313
1609208760000,0.000924251063012178
1609208820000,0.0023011802905188255
1609208880000,0.0030913251333898563
1609208940000,0.00489164002910439
1609209000000,0.00649890255098572
1609209060000,0.006070367086334898
1609209120000,0.0035943858308502665
1609209180000,0.003917507311080912
1609209240000,7.757878192812627e-05
1609209300000,0.0009187652977427155
1609209360000,-0.00041763046456687065
1609209420000,-0.0006274488963190879
1609209480000,-0.0027657771622379376
1609209540000,-0.00532322034352026
1609209600000,-0.002535201348398306
1609209660000,-0.004435235776480456
1609209720000,-0.0023228896717393606
1609209780000,0.0023736329818457432
1609209840000,0.004329152794495402
1609209900000,-0.0009799270849537253
1609209960000,0.0010357657743908753
1609210020000,-0.0015581390038126926
1609210080000,-0.005802642381120651
1609210140000,-0.0033369722084875923
1609210200000,0.00018920084471045614
1609210260000,-0.0009660608308429856
1609210320000,-0.0007051123268660631
1609210380000,-5.266158957258649e-05
1609210440000,-0.01078338384366657
1609210500000,-0.007188099657530127
1609210560000,-0.0011896582011340542
1609210620000,-0.005445946723122609
1609210680000,-0.00069412984801738
1609210740000,0.0008747308429632431
1609210800000,-0.0006543084022649098
1609210860000,0.002180576481730139
1609210920000,0.0010799190829230401
1609210980000,0.0033334914595702955
1609211040000,0.004919830764092525
1609211100000,0.0023022032221041893
1609211160000,0.0024126700759924498
1609211220000,0.0006959068936391518
1609211280000,0.002293162812340557
1609211340000,-0.00021030516832734852
1609211400000,-0.0039255911322472175
1609211460000,-0.0022658724601768818
1609211520000,-0.002105228043924787
1609211580000,-0.000643440807990488
1609211640000,0.0012588793722194923
1609211700000,0.0029948573344692983
1609211760000,0.0032884110105327875
1609211820000,-0.0006443482287046567
1609211880000,0.002718253663917224
1609211940000,0.006911754744780824
1609212000000,0.014296678859334484
1609212060000,0.007850198107321077
1609212120000,0.006482069310359746
1609212180000,0.0018467583985161472
1609212240000,-0.0035232052082095197
1609212300000,-0.003908907542312132
1609212360000,0.00659451236953134
1609212420000,0.00032654070558629707
1609212480000,0.0029723343131767867
1609212540000,0.0035229827245894718
1609212600000,0.0037850707824509666
1609212660000,0.004395846955984993
1609212720000,-0.00046073603972348936
1609212780000,0.0020319354088312144
1609212840000,0.002367260395307696
1609212900000,-0.005130209831739792
1609212960000,-0.001657986551799458
1609213020000,-0.00040771845601174204
1609213080000,0.005030034341097754
1609213140000,-0.0007248192071231215
1609213200000,0.003027027752921897
1609213260000,-0.0009269259028448928
1609213320000,-0.004830599799290762
1609213380000,-0.00419276523405266
1609213440000,-0.0009277540642294595
1609213500000,-0.006021048897429516
1609213560000,-0.002848830122352755
1609213620000,-0.0006331643328133012
1609213680000,0.0003915688768690013
1609213740000,0.0049665225383021564
1609213800000,0.007546153932221206
1609213860000,0.0031640403147890337
1609213920000,0.003654242940215055
1609213980000,0.005722564604538679
1609214040000,0.003974224054769123
1609214100000,0.016137206742700656
1609214160000,0.00469194341517021
1609214220000,0.005715378914537377
1609214280000,-0.0003240810213097007
1609214340000,-0.000581497942758301
1609214400000,-0.004213722924921582
1609214460000,-0.0065495456178119435
1609214520000,-0.001718024418768174
1609214580000,-0.0066591898109642856
1609214640000,-0.0043401493937248814
1609214700000,-0.004639854968698978
1609214760000,-0.0020776245348149164
1609214820000,0.006172100765242114
1609214880000,0.005669985081458359
1609214940000,0.004740898350838847
1609215000000,0.011759229005667381
1609215060000,0.004215555357986107
1609215120000,0.003123530586985114
1609215180000,0.004995555511379067
1609215240000,-0.0060615659447114485
1609215300000,-0.008139659631376828
1609215360000,-0.014856472251913678
1609215420000,-0.00859665863646952
1609215480000,-0.009105058368125292
1609215540000,-0.006687168702318958
1609215600000,0.002811336434832497
1609215660000,-0.000743762457280473
1609215720000,0.0032926164289225944
1609215780000,0.003254766429614853
1609215840000,0.005793685544566088
1609215900000,-0.0007815758706108378
1609215960000,-0.00019523426279534036
1609216020000,-0.0024285301601653176
1609216080000,-0.00539145046125006
1609216140000,-0.004078491239979964
1609216200000,-0.001568108478744968
1609216260000,-0.0025786905355685485
1609216320000,-0.0011737323707536659
1609216380000,0.0011847506020779767
1609216440000,-0.0025056198254219298
1609216500000,-0.000996161614367569
1609216560000,-0.0009840763716766803
1609216620000,-0.00020207314047984812
1609216680000,-0.0007265324295284261
1609216740000,0.001513325164330553
1609216800000,0.003843783045471448
1609216860000,0.00506161126377237
1609216920000,0.0043914011144250325
1609216980000,0.002489259380197035
1609217040000,0.0013740104483100876
1609217100000,0.0010033590310429335
1609217160000,-0.002562883270622972
1609217220000,-0.0025900035920634772
1609217280000,-0.0032556306934476377
1609217340000,-0.000463176132323423
1609217400000,0.00223838285836018
1609217460000,-0.0017164098777597285
1609217520000,0.0061977325400845145
1609217580000,0.0032662065520756432
1609217640000,0.0009158305338827922
1609217700000,0.007082719815253149
1609217760000,0.0008342043573013511
1609217820000,0.0007553647934017051
1609217880000,0.0009361364108702197
1609217940000,-0.0066887618361586906
1609218000000,-0.00023534982109147507
1609218060000,-0.0008375793205670112
1609218120000,0.0031708747197077103
1609218180000,0.0036551710888404927
1609218240000,0.0026263563927148045
1609218300000,0.003355961452024275
1609218360000,-0.0023272476411306804
1609218420000,0.0016806617008254914
1609218480000,0.008162456538708276
1609218540000,0.004021070242289978
1609218600000,0.003987527948718285
1609218660000,0.0030630283604499847
1609218720000,0.0022579454544845276
1609218780000,-0.0005222910364927461
1609218840000,-0.002368466698962538
1609218900000,-0.002490880257827537
1609218960000,-0.0030218453555425355
1609219020000,-0.004495967116071343
1609219080000,0.0005649518387558348
1609219140000,-0.0022205405417317944
1609219200000,-0.004007485970907032
1609219260000,-0.0010426865352082476
1609219320000,0.00026071404386230143
1609219380000,-0.0007660165260161384
1609219440000,0.002617875966267487
1609219500000,0.00347158676150475
1609219560000,0.005933166522717445
1609219620000,-0.0012894241871674093
1609219680000,0.00010901669906220205
1609219740000,-0.0021214652871633386
1609219800000,-0.004004415392168765
1609219860000,-0.0018942442052036928
1609219920000,-0.005028409888113144
1609219980000,-0.005812048980165052
1609220040000,-0.0059572364440699035
1609220100000,-0.007012143525532873
1609220160000,-0.005986152251535205
1609220220000,-0.0044821162698978545
1609220280000,-0.003025722145066323
1609220340000,-0.002204728474288543
1609220400000,-2.828733396581542e-05
1609220460000,0.0005569747797048874
1609220520000,-0.0017632354674616262
1609220580000,0.0005409070409204363
1609220640000,-0.0005096844338778802
1609220700000,-0.0007584940706110484
1609220760000,0.0018381985623896902
1609220820000,0.005327329065331594
1609220880000,-0.0003291014717077922
1609220940000,-0.0004350139129196822
1609221000000,-0.0018773603087709533
1609221060000,-0.004261034772617582
1609221120000,-0.002513689579275217
1609221180000,-0.0008340976556007432
1609221240000,-0.0026075557151067183
1609221300000,-0.0034464252450961343
1609221360000,7.239451595946126e-05
1609221420000,-0.0009461480030642225
1609221480000,0.004820250536508829
1609221540000,0.0032171260910657997
1609221600000,0.005130918468125286
1609221660000,0.003910095982009358
1609221720000,0.002665908238734059
1609221780000,0.0010392751921557612
1609221840000,0.0003864875185805679
1609221900000,0.001248661095258171
1609221960000,0.00023098686064132798
1609222020000,-0.0005393647563733313
1609222080000,0.001100894412433086
1609222140000,0.00025326767194237213
1609222200000,-7.711055858087788e-05
1609222260000,-0.00043795337866870543
1609222320000,-0.0005849887866311343
1609222380000,-0.002526778250410419
1609222440000,-0.0032533298101932217
1609222500000,-0.002296467858291287
1609222560000,-0.0019503123510373874
1609222620000,-0.0011952258045281555
1609222680000,-0.0002995635033544665
1609222740000,0.0014670949827160766
1609222800000,0.0008334098709935276
1609222860000,-0.0004649136236520809
1609222920000,0.0028040420290250923
1609222980000,-0.0016761578455876008
1609223040000,0.0007641743931290555
1609223100000,-0.0006911484916463814
1609223160000,-0.0012317799043037537
1609223220000,-0.0020334657277130594
1609223280000,-0.00021313315213765426
1609223340000,0.004471845551267736
1609223400000,0.0030825502151504993
1609223460000,0.004853477379236522
1609223520000,0.0010226303781222766
1609223580000,-0.0003393747102772707
1609223640000,-0.000917005308702312
1609223700000,-0.004264964188735916
1609223760000,-0.00796548508392746
1609223820000,-0.004187610334474651
1609223880000,-0.011356136558425609
1609223940000,-0.006425216492062861
1609224000000,-0.0034110131910760635
1609224060000,-0.0023060997931379267
1609224120000,0.0008332337130739323
1609224180000,-0.0017588189186416058
1609224240000,-0.0010053720745262333
1609224300000,-0.0030284065426395123
1609224360000,-0.0038175903832927418
1609224420000,0.0022420204872333105
1609224480000,0.0009178727877549283
1609224540000,0.0015578438369070907
1609224600000,-0.0018572595702959459
1609224660000,-0.0009664440594383058
1609224720000,-0.00019996356281413871
1609224780000,0.0004647144083040019
1609224840000,0.0023244814625793414
1609224900000,0.000579223980623381
1609224960000,-0.0025841971988608027
1609225020000,-0.002526646467868314
1609225080000,-0.0025592601633781433
1609225140000,-0.0006939392072479859
1609225200000,0.0034156842545032735
1609225260000,0.0013081890428993349
1609225320000,-0.001195033423391598
1609225380000,-0.004650876885810873
1609225440000,-0.00634946388020128
1609225500000,-0.00834178600071202
1609225560000,-0.001597863448658863
1609225620000,0.0008636017140328103
1609225680000,0.00039562689637165783
1609225740000,0.0009467647072540839
1609225800000,-0.0003629210676447467
1609225860000,-0.004061769077760084
1609225920000,-0.005910427503905377
1609225980000,0.0002616779867851752
1609226040000,0.00034814499207296923
1609226100000,0.0028091694850612115
1609226160000,0.008062606570638878
1609226220000,0.004844107001286355
1609226280000,0.005090167596010563
1609226340000,0.0037731990808637346
1609226400000,-0.0025118283501199615
1609226460000,0.0012725677210694013
1609226520000,0.0020243744681708695
1609226580000,0.006462912154641376
1609226640000,0.007083685968231797
1609226700000,0.0015966843238732593
1609226760000,-0.00016873944348667495
1609226820000,-0.0069673487530076
1609226880000,-0.005382374774595416
1609226940000,-0.0005123958556582437
1609227000000,-0.002710504941733141
1609227060000,0.0006519117550430959
1609227120000,0.002769412745856683
1609227180000,0.004632487370262305
1609227240000,0.00581602353326532
1609227300000,0.009774164218481048
1609227360000,-0.00016084432187206637
1609227420000,0.0023853967208517643
1609227480000,0.0018183163732444951
1609227540000,-0.0010049669982510694
1609227600000,0.0017420554838527033
1609227660000,0.0013831129228889002
1609227720000,0.00044677942720203954
1609227780000,-0.0014786051999795549
1609227840000,0.0004787469925231293
1609227900000,-0.0013488054001902798
1609227960000,0.002009324889491978
1609228020000,0.00761164698585912
1609228080000,0.004900022873563592
1609228140000,0.0036035692605065352
1609228200000,0.0017099279690171983
1609228260000,-0.005461657834963874
1609228320000,-0.003133576094209598
1609228380000,-0.0030615283368570583
1609228440000,-0.0064105279834149485
1609228500000,-0.003895169391291281
1609228560000,-0.00493373636095545
1609228620000,-0.006260893296142578
1609228680000,-0.0005705530988340663
1609228740000,-0.004424669600420133
1609228800000,-0.003457430155520989
1609228860000,-0.0064163865170626215
1609228920000,-0.006116763829617294
1609228980000,-0.005742892473005733
1609229040000,-0.0010141144080338324
1609229100000,-0.0010030598275637863
1609229160000,-0.0011821300591031332
1609229220000,-0.004092043518163816
1609229280000,-0.005491034591020895
1609229340000,-0.0035584629934524545
1609229400000,-0.008267063925417104
1609229460000,-0.0027645996544911774
1609229520000,-0.004908980061557852
1609229580000,0.0027354582608935946
1609229640000,0.001564045422809006
1609229700000,0.001567321698591613
1609229760000,0.0030576810285567664
1609229820000,0.004211973587926869
1609229880000,0.004041626107484662
1609229940000,0.0035179892297472885
1609230000000,0.0020402713942331693
1609230060000,0.0035344415834147993
1609230120000,0.0010000790289227373
1609230180000,-0.0018457606269683016
1609230240000,0.003745836013887068
1609230300000,0.00421916061012079
1609230360000,-0.0011792386390704927
1609230420000,-0.0012562356873118256
1609230480000,-0.0007596678510887496
1609230540000,-0.004381557759169142
1609230600000,-0.0007873484612624615
1609230660000,0.0007302760127108637
1609230720000,0.0006079130135204358
1609230780000,0.0022990902028603793
1609230840000,0.0024974889530885486
1609230900000,-0.0008679292363528363
1609230960000,-0.0027650845201181054
1609231020000,8.948129619759352e-05
1609231080000,-0.0028420313273093824
1609231140000,0.004136975833335789
1609231200000,0.001555466842742967
1609231260000,-0.0003268395312933662
1609231320000,-0.0020667507718329244
1609231380000,-0.005048921821509323
1609231440000,-0.0037842829264795753
1609231500000,-0.006653337031438592
1609231560000,-0.005040247439740558
1609231620000,-0.005218811549736395
1609231680000,-0.0004457508402883494
1609231740000,0.005601472295983353
1609231800000,0.0034789095645143403
1609231860000,0.005198977819719505
1609231920000,0.006001462274473504
1609231980000,0.0017631914129877255
1609232040000,0.00843448673232095
1609232100000,0.006629044067585606
1609232160000,0.006530135739861127
1609232220000,0.0053147210169378805
1609232280000,-0.003657274735701015
1609232340000,-0.0027393871130079028
1609232400000,-0.006070581128986083
1609232460000,-0.0009454991320740328
1609232520000,-0.0009022350953418642
1609232580000,-0.001161643244270736
1609232640000,0.0017428022977030372
1609232700000,-0.00016795247134549353
1609232760000,0.0011634332826848685
1609232820000,0.0071961491173104485
1609232880000,0.001977735959397957
1609232940000,0.009865130263203275
1609233000000,0.005066989739244235
1609233060000,0.004115197701595211
1609233120000,0.0026634251716720343
1609233180000,-0.00035038959784287074
1609233240000,0.0014226221743982117
1609233300000,-0.00503866884876072
1609233360000,-0.0026996044147802557
1609233420000,-0.006901051312899631
1609233480000,-0.005995008953779941
1609233540000,-0.009101754205480738
1609233600000,-0.00346092444445067
1609233660000,-0.003771863470273039
1609233720000,-0.0027340526263923476
1609233780000,0.004532204976355558
1609233840000,0.0006863118448166373
1609233900000,0.00022450776998911298
1609233960000,-0.0004860715177327678
1609234020000,0.0025771255884380565
1609234080000,0.0020914166436600337
1609234140000,-0.00031770044923243345
1609234200000,0.00047456628558202374
1609234260000,0.004702350319638167
1609234320000,-0.005583969922893725
1609234380000,-0.001976433835978431
1609234440000,0.00033251064188099855
1609234500000,-0.005572982800339741
1609234560000,-0.0046076938350014685
1609234620000,-0.0012352984420127542
1609234680000,-0.006398694550412468
1609234740000,0.003285654713896992
1609234800000,0.005266862697754806
1609234860000,0.002492852971567739
1609234920000,0.005974412395015534
1609234980000,0.004159197932118513
1609235040000,-0.0028864279723104045
1609235100000,0.004077243160791341
1609235160000,-0.0005962224208029371
1609235220000,-0.002056946470661845
1609235280000,0.004578352878778457
1609235340000,0.0023670195741236143
1609235400000,-0.0004754692785496065
1609235460000,0.0018739796410416636
1609235520000,-0.004455882135327859
1609235580000,-0.00011335450675546169
1609235640000,-0.0029284680773179216
1609235700000,-0.0019174984044936832
1609235760000,-0.001014941831632158
1609235820000,-0.002074029874360117
1609235880000,-0.00260400991670013
1609235940000,-0.0018650246094049834
1609236000000,-0.004004672856734907
1609236060000,-0.0014013765994479006
1609236120000,-0.0009562584488687036
1609236180000,0.0007748817709186274
1609236240000,-4.633459196695657e-05
1609236300000,-1.3010285891464364e-05
1609236360000,-0.008025524401999152
1609236420000,-0.0073133487058744786
1609236480000,0.0017257394083400421
1609236540000,0.006160886251618729
1609236600000,0.0022589002556242005
1609236660000,0.008867744708802876
1609236720000,0.0011055659906936055
1609236780000,0.00012126557080431077
1609236840000,0.002449211779226579
1609236900000,-0.0011411727287815787
1609236960000,0.0017725403300495766
1609237020000,0.0004721489570217012
1609237080000,0.0018443866660377446
1609237140000,-0.0005796707756143549
1609237200000,0.004350762244330322
1609237260000,0.003180532642975419
1609237320000,-0.0015213640003547725
1609237380000,0.0016500597440252199
1609237440000,-0.0006111142894465343
1609237500000,-0.0008783599545747314
1609237560000,-0.0021837529254027034
1609237620000,-0.004327553454303141
1609237680000,-0.0035930729349038337
1609237740000,-0.0021330653158187253
1609237800000,0.00010571373617846398
1609237860000,0.002679632568153624
1609237920000,0.0015387546207920242
1609237980000,0.003630192851580613
1609238040000,0.002052645026564619
1609238100000,0.0010088189614038611
1609238160000,0.0015663271149045995
1609238220000,-0.0009763246268618882
1609238280000,0.001955900046814389
1609238340000,0.0009011874289003394
1609238400000,0.0008988654777267696
1609238460000,0.004385954086427457
1609238520000,0.0009011319055546993
1609238580000,0.006590349517928839
1609238640000,0.0032495492567585957
1609238700000,0.0021119938832871985
1609238760000,-0.0014465446252484137
1609238820000,-0.002762264555602293
1609238880000,-0.0014521204539994286
1609238940000,-0.0015757746694208758
1609239000000,-0.003818912588330083
1609239060000,-0.0019552500947050576
1609239120000,-0.0011674494240712747
1609239180000,-0.0021189319782224897
1609239240000,-0.001101710936538865
1609239300000,-0.00011769939922823509
1609239360000,0.0020801804289489745
1609239420000,-0.0004045071328759954
1609239480000,0.0006135922284396674
1609239540000,0.0008233298885169982
1609239600000,-0.0006961624180339668
1609239660000,-0.00010128954635555742
1609239720000,0.0028257829401789137
1609239780000,0.0006688851066921484
1609239840000,-0.00024197311990393117
1609239900000,-0.0013118447115122154
1609239960000,-0.003750612383143958
1609240020000,-0.003195865750970496
1609240080000,-0.000608039888974437
1609240140000,-0.00036706067997144097
1609240200000,0.0009507171182744727
1609240260000,-0.001678377164764811
1609240320000,-0.003055257361792114
1609240380000,-0.004310544445040079
1609240440000,-0.00370069056750498
1609240500000,-0.007653125179260254
1609240560000,-0.00041683032596408096
1609240620000,-0.003922492625828319
1609240680000,-0.0038902376166528507
1609240740000,-0.002123577329441005
1609240800000,0.0010907953214354135
1609240860000,0.0019702099463694105
1609240920000,0.0024686768177926833
1609240980000,0.0019066282038793713
1609241040000,0.0033148392389228034
1609241100000,0.002599647665654938
1609241160000,0.001756552307450146
1609241220000,0.0024647464446691733
1609241280000,-9.97061483545564e-05
1609241340000,-0.0009611739347644904
1609241400000,-0.0009862556474616382
1609241460000,0.0005511099476962559
1609241520000,0.004729552913376328
1609241580000,0.005091892719054204
1609241640000,0.01044280944960619
1609241700000,0.011854326051626023
1609241760000,0.006694167775675612
1609241820000,0.007346833600630727
1609241880000,0.00364675252288403
1609241940000,-0.002110565364325758
1609242000000,-0.003686811238309429
1609242060000,-0.003459771019697401
1609242120000,-0.0024861076780569066
1609242180000,0.0042528212455072685
1609242240000,0.0014249517129119212
1609242300000,-0.00038467247956930134
1609242360000,0.005804888176785118
1609242420000,0.006617977974918411
1609242480000,0.005263233111381376
1609242540000,0.002965899530992369
1609242600000,0.001669364306041059
1609242660000,-0.0007440996240553438
1609242720000,-0.00186730945230919
1609242780000,-0.002657379023434302
1609242840000,-0.003627146953042926
1609242900000,-0.00475586706112617
1609242960000,-0.001734780750936234
1609243020000,-0.005494775515901765
1609243080000,-0.0009767022561307638
1609243140000,-0.0028655918168270654
1609243200000,0.001083154431991536
1609243260000,-0.0014959017988983166
1609243320000,-0.004819232356075637
1609243380000,-0.0021152143513807346
1609243440000,-0.0038603555418967265
1609243500000,-0.005819993432002778
1609243560000,-0.002307842440369829
1609243620000,-0.00038479271795419085
1609243680000,-0.0033322532901985304
1609243740000,-0.008058217504537994
1609243800000,0.0012531683863276075
1609243860000,0.0015441855071033094
1609243920000,0.0016901792336394392
1609243980000,0.002571634334072271
1609244040000,0.0008315290508975521
1609244100000,-0.001415942360401119
1609244160000,0.00249963323848057
1609244220000,0.001331956836155815
1609244280000,0.004543302817366074
1609244340000,0.002261658730388416
1609244400000,0.0005415747517261426
1609244460000,0.0006058478051328239
1609244520000,-0.0006314805792862742
1609244580000,-0.002959443772149638
1609244640000,-0.0029593559696240363
1609244700000,-0.005403525730880929
1609244760000,-0.005797744143836019
1609244820000,-0.006532623435161498
1609244880000,-0.0036149821386784516
1609244940000,-0.003830034732259377
1609245000000,0.0006722074831696464
1609245060000,0.0015637441498684936
1609245120000,0.005071262182563873
1609245180000,0.0018229370215649872
1609245240000,-0.00034249894948964874
1609245300000,-0.001573543063897561
1609245360000,-0.002991506815687599
1609245420000,-0.001815078373948394
1609245480000,-0.00493077435921284
1609245540000,-0.0017598321822158787
1609245600000,-0.0018366381447313298
1609245660000,-0.0019486321399389734
1609245720000,0.002802221932039497
1609245780000,0.007478247764574684
1609245840000,0.0027549061613868454
1609245900000,-0.0018795737048595883
1609245960000,-0.005591002625817112
1609246020000,-0.0071459561617932595
1609246080000,-0.010462608445817811
1609246140000,-0.008589627023321307
1609246200000,-0.002324618327635553
1609246260000,-0.005392485961705009
1609246320000,-0.0023959982945770735
1609246380000,-0.007245286634955103
1609246440000,-0.004510140172263057
1609246500000,-0.011817632953476041
1609246560000,-0.012647799382816965
1609246620000,-0.009355912179453469
1609246680000,-0.010072308929984133
1609246740000,-0.009424464508910354
1609246800000,0.005773852895413017
1609246860000,0.003448841809900309
1609246920000,0.0037174894601356284
1609246980000,0.006206657361195822
1609247040000,-0.00017357432272690034
1609247100000,-0.003661089173772981
1609247160000,-0.007846596217324081
1609247220000,-0.011161809337544973
1609247280000,-0.004820660835800556
1609247340000,0.0025474596387562317
1609247400000,0.00038112927276296517
1609247460000,0.004648461022626595
1609247520000,0.004108709644673093
1609247580000,0.006786211268289348
1609247640000,0.0010203467361957902
1609247700000,0.00795593641634771
1609247760000,0.009472502310298182
1609247820000,0.0032280405349558775
1609247880000,-0.001638284985228518
1609247940000,-0.005832212917478585
1609248000000,-0.0061773403297068034
1609248060000,-0.0008015339065934748
1609248120000,0.0006933746777835866
1609248180000,0.006128765118778655
1609248240000,0.0036774777581742015
1609248300000,0.0041241106061763455
1609248360000,0.003842119451179595
1609248420000,-0.0006102873858896428
1609248480000,0.002339697376893322
1609248540000,-0.002068611777628792
1609248600000,-0.0011311617699139977
1609248660000,-0.0007084399366915988
1609248720000,-0.0007823640947056741
1609248780000,-0.0007826940808614058
1609248840000,-0.001936939715345166
1609248900000,-0.0044818496177698956
1609248960000,-0.0036771575872980226
1609249020000,-0.0029587859843135983
1609249080000,-0.005968117160863129
1609249140000,0.002426819329902915
1609249200000,0.0025545828370277944
1609249260000,0.001558366191476485
1609249320000,0.0025405971105102337
1609249380000,0.0006272458962098537
1609249440000,-0.00336832536086917
1609249500000,-0.0013423138952946936
1609249560000,-0.002433873020977452
1609249620000,-0.0030543107310249404
1609249680000,0.0017161566193964002
1609249740000,0.000570255433466967
1609249800000,0.0005302409075853941
1609249860000,0.0016068909195395636
1609249920000,0.0017178279439954063
1609249980000,-0.00032004220189686266
1609250040000,0.00016722542752865165
1609250100000,0.00015507291883635395
1609250160000,-0.0018473893557944998
1609250220000,-0.0010413792060813105
1609250280000,0.00044737835377395323
1609250340000,0.0014127240328229396
1609250400000,-0.0011509841158381746
1609250460000,0.002615027137736315
1609250520000,0.000804659081274199
1609250580000,0.004128732986205578
1609250640000,0.0029695416242091436
1609250700000,0.007573523391570491
1609250760000,0.009663561428336458
1609250820000,0.003223817238252721
1609250880000,0.0028491246879487225
1609250940000,0.0021167901321615798
1609251000000,-0.0036166728820762302
1609251060000,-0.002151260276581247
1609251120000,-0.0011073563160820224
1609251180000,0.0024856265533937942
1609251240000,0.002503921861322997
1609251300000,-7.593369840604791e-05
1609251360000,-0.0004878267925028704
1609251420000,-0.0021655288152518356
1609251480000,-0.004007158511987512
1609251540000,-0.004813477312030533
1609251600000,-0.0030142252369259595
1609251660000,-0.0027640759389599215
1609251720000,-0.0021465234493728354
1609251780000,-0.003020360984284226
1609251840000,-0.0017377602726572137
1609251900000,-0.0002686418452733066
1609251960000,-0.0011255437575477224
1609252020000,0.0015838256321015335
1609252080000,0.0017207855028029031
1609252140000,-0.0003309559876402352
1609252200000,-0.002683168802127054
1609252260000,-0.004991217639457004
1609252320000,-0.006962471486577986
1609252380000,-0.005352383939420069
1609252440000,-0.0024432481624720457
1609252500000,-0.0012502899743196602
1609252560000,0.0005241503075670133
1609252620000,0.0007013369247358272
1609252680000,-0.0013048957477933445
1609252740000,0.0017240489150527137
1609252800000,0.006554983811678868
1609252860000,0.005817301341474474
1609252920000,0.008694387006683643
1609252980000,0.006483990025961906
1609253040000,0.0060796818078753005
1609253100000,0.001235436620225867
1609253160000,0.0003474644468570265
1609253220000,0.004042868517431027
1609253280000,-0.001208569066333214
1609253340000,0.005983478959010892
1609253400000,-0.0020019738726568146
1609253460000,-0.0036247789040611223
1609253520000,0.0005348952498308243
1609253580000,5.412750328750717e-05
1609253640000,0.004653196590962426
1609253700000,0.009464559980856619
1609253760000,0.006615078726383627
1609253820000,0.007239621033875651
1609253880000,0.004554721782064775
1609253940000,-0.0017454382306242027
1609254000000,0.002114025571698889
1609254060000,0.0010738006840706415
1609254120000,-0.0055890712358162035
1609254180000,-0.010665254468176366
1609254240000,-0.007177329423770482
1609254300000,-0.007226315558440577
1609254360000,-0.006526667649997277
1609254420000,0.0018832292953239772
1609254480000,0.0005077165230164708
1609254540000,-0.002570225431342892
1609254600000,8.974356826209215e-05
1609254660000,-0.0014507469452952875
1609254720000,0.0016426312704151476
1609254780000,0.0038085964695826905
1609254840000,0.0001445369364481765
1609254900000,0.007773468873661269
1609254960000,0.001344350374104144
1609255020000,0.0008919430149340402
1609255080000,0.003775851704813462
1609255140000,0.00289734166497019
1609255200000,-0.001778968038381568
1609255260000,-9.662629551230867e-05
1609255320000,0.004780765091447969
1609255380000,0.0056560018260309744
1609255440000,0.0020053825862380824
1609255500000,0.0037659498371329335
1609255560000,0.004885570866780823
1609255620000,-0.0006777683053075937
1609255680000,0.0013569326507924466
1609255740000,-0.0012222973238603157
1609255800000,-0.005866098748727557
1609255860000,-0.002100123051585219
1609255920000,-0.004296943777852031
1609255980000,-0.0022538979096665686
1609256040000,-0.0011391373979100857
1609256100000,0.001172109236684965
1609256160000,-0.0018827464994199137
1609256220000,0.00019637911773104897
1609256280000,-0.0020940972884154366
1609256340000,0.0016121174336013787
1609256400000,0.0029541615138877933
1609256460000,0.003152965998625927
1609256520000,0.009538459951408996
1609256580000,0.010237247676878978
1609256640000,0.005732428632845295
1609256700000,0.002706936544016282
1609256760000,0.0021802288461291596
1609256820000,-0.0039815972187589085
1609256880000,0.0011489456744844734
1609256940000,0.0029268373147623987
1609257000000,0.004761610636409828
1609257060000,0.005107699431381002
1609257120000,0.00048652873177598634
1609257180000,0.0012064360859519421
1609257240000,-0.002214181458371557
1609257300000,0.0019033192628669278
1609257360000,0.005298585712666492
1609257420000,0.0025950083223963867
1609257480000,0.0009464790046522024
1609257540000,0.0008017635289107951
1609257600000,0.007054052565204122
1609257660000,0.004524737550329943
1609257720000,0.008553319851201507
1609257780000,0.010353827544511954
1609257840000,0.003456199903092344
1609257900000,0.0027815648942032998
1609257960000,0.0014230195652300659
1609258020000,-0.004649189240755948
1609258080000,0.0025198834551850933
1609258140000,-0.0004776392787499417
1609258200000,0.00417060941742084
1609258260000,0.005141331607305471
1609258320000,0.0026790930846387366
1609258380000,-0.0016852768320040363
1609258440000,-0.004884524742549852
1609258500000,-0.00998234043732638
1609258560000,-0.008235612227650133
1609258620000,-0.0016378873265141393
1609258680000,-0.001120731088723326
1609258740000,0.00030903238189484685
1609258800000,0.001956098376403838
1609258860000,-0.004418505408267464
1609258920000,-0.0021883296510225576
1609258980000,-0.001737888307121496
1609259040000,-0.00324089737726675
1609259100000,0.00372289316828498
1609259160000,0.0019955037530054284
1609259220000,0.00446400531395074
1609259280000,0.004429985907061576
1609259340000,-0.00021888896958666658
1609259400000,-0.00384330526949031
1609259460000,0.003990023168266216
1609259520000,-0.0019519737022501641
1609259580000,-0.0009291603588625407
1609259640000,-0.0018753499227780223
1609259700000,-0.004042536900163104
1609259760000,0.0004227723691150725
1609259820000,0.004192373182198094
1609259880000,0.0010619957205207074
1609259940000,0.006799306909522288
1609260000000,-0.0007831562446218407
1609260060000,-0.0008694026920987659
1609260120000,-0.0025662320621804794
1609260180000,-0.0030500318874614237
1609260240000,-7.74849547408103e-05
1609260300000,-0.003432828692641957
1609260360000,-0.003944842877521757
1609260420000,-0.0013364236909229254
1609260480000,-0.0036431140293031452
1609260540000,-0.0035326360547889867
1609260600000,-0.0012999079000008478
1609260660000,0.0008424640373222847
1609260720000,0.0019225198916661655
1609260780000,-0.0002178044812873272
1609260840000,0.003644460245318656
1609260900000,0.00018907852718409257
1609260960000,-0.003434090096285279
1609261020000,-0.002743752795093706
1609261080000,-0.0032086490004303715
1609261140000,-0.0015190719896111754
1609261200000,0.002656142378853906
1609261260000,0.0012983785012671057
1609261320000,0.0017301941504900091
1609261380000,0.002178952167651961
1609261440000,0.0015945702179451804
1609261500000,0.004491436084067206
1609261560000,0.0037645895640468258
1609261620000,0.0015195838809108524
1609261680000,0.002463019201368474
1609261740000,0.0015928567094092613
1609261800000,0.0008281860630179784
1609261860000,0.008598156110359688
1609261920000,0.0031216497927826306
1609261980000,0.00147587607223567
1609262040000,-0.0008554545394531545
1609262100000,-0.0072821410079131395
1609262160000,-0.00018563937758488613
1609262220000,-0.0008055278446761204
1609262280000,0.0047706695689302345
1609262340000,0.004760002360789228
1609262400000,-0.0015715519654187931
1609262460000,-0.0023683701846592465
1609262520000,-0.00401726957901209
1609262580000,-0.0037327468553154304
1609262640000,-0.003984202013290437
1609262700000,-0.0030630616685990843
1609262760000,-0.0012913605123056014
1609262820000,-0.0058713348545030184
1609262880000,-0.0020993014388776526
1609262940000,-0.002638279596892627
1609263000000,-0.0009919453516863191
1609263060000,0.001643245938213537
1609263120000,0.0010773526453414313
1609263180000,0.005822638037062855
1609263240000,0.007025310603775606
1609263300000,0.0023094408953030967
1609263360000,0.0015946147556002825
1609263420000,0.0012238840865814316
1609263480000,0.0016203658049788329
1609263540000,0.003147477336967212
1609263600000,0.000642975854681403
1609263660000,0.003542389797284083
1609263720000,0.002915387449515495
1609263780000,-0.00042062680288656545
1609263840000,0.0025495381516851927
1609263900000,0.0055757509761296805
1609263960000,0.004698627050379325
1609264020000,0.0015456420006414247
1609264080000,0.0006179499748321123
1609264140000,-0.0013955366091332499
1609264200000,-0.0039484149354034204
1609264260000,-0.001119890109326277
1609264320000,0.0010392162012441207
1609264380000,0.006750179751524655
1609264440000,0.0011662325293808628
1609264500000,0.006230617160734523
1609264560000,0.000793703531101694
1609264620000,-0.0051571940795617196
1609264680000,0.0019060467829394962
1609264740000,-0.0008324599482902028
1609264800000,-0.0032012346039274366
1609264860000,-0.0011076007015047866
1609264920000,-0.002151290061551249
1609264980000,-0.001368130584380551
1609265040000,-0.0018423953117861836
1609265100000,0.001035092148713897
1609265160000,-0.0019236985137465717
1609265220000,-0.00024320710405905825
1609265280000,-0.0014774457444773864
1609265340000,-0.0041285271042375265
1609265400000,0.000882395454736539
1609265460000,-0.0018158912300538857
1609265520000,-0.0012310145946165898
1609265580000,0.005988288339530311
1609265640000,0.001863478088486885
1609265700000,0.005298456120138434
1609265760000,0.007974831090923878
1609265820000,-0.0004753319206057399
1609265880000,0.0018829517785102687
1609265940000,0.0005936986141234443
1609266000000,0.0010434092755501776
1609266060000,0.0024690317538949317
1609266120000,-0.0019677012662009754
1609266180000,-0.0008891689839877897
1609266240000,-0.001180211549888349
1609266300000,-0.0004322650016242261
1609266360000,-0.00020189646785664456
1609266420000,0.003977488583032484
1609266480000,-0.0007572019336500853
1609266540000,0.0004809576630061603
1609266600000,0.0019168553923963297
1609266660000,0.0003722595023194068
1609266720000,0.002662851432125704
1609266780000,0.000704998953323759
1609266840000,0.00037168524153982765
1609266900000,0.0012757197193270892
1609266960000,0.00045122133794031784
1609267020000,-0.002174091967443453
1609267080000,-0.0035813066328840297
1609267140000,-0.0034807285606185713
1609267200000,-0.005077995328538072
1609267260000,-0.005964546531590934
1609267320000,-0.002859645582837154
1609267380000,-0.003926851163961892
1609267440000,0.0013250963674320644
1609267500000,-0.002481413885900607
1609267560000,-0.0009410025945560269
1609267620000,4.965577403885051e-06
1609267680000,-0.004750982027580469
1609267740000,0.0017379973378986206
1609267800000,-0.00039484881335098986
1609267860000,-0.0014109901714521467
1609267920000,-0.0008927136573028094
1609267980000,-0.0007255129685644604
1609268040000,-0.0024544861803178007
1609268100000,-0.0027442950519416306
1609268160000,-0.006607539158758837
1609268220000,-0.009268758015528069
1609268280000,-0.004697037444158006
1609268340000,-0.0006143287025961843
1609268400000,-0.003137648760257639
1609268460000,-0.00020626145582719143
1609268520000,0.005121209686285124
1609268580000,-0.001880337049212889
1609268640000,0.0004318624850305429
1609268700000,0.00022389739432202585
1609268760000,-0.0017334160293983431
1609268820000,-0.002628190609916237
1609268880000,-0.0030214118460656163
1609268940000,-0.0017801511311455712
1609269000000,-0.0029603795766082815
1609269060000,-0.003351596978252205
1609269120000,-0.0017789386158157633
1609269180000,-0.001686869738948819
1609269240000,0.00013419460424618702
1609269300000,0.004568490108896876
1609269360000,0.006452826953647576
1609269420000,0.008289242546360811
1609269480000,0.005102621343283618
1609269540000,0.002022614240593768
1609269600000,0.003174553251690211
1609269660000,-0.0007309800864079495
1609269720000,-0.0011981523274906963
1609269780000,-0.0013835600804382024
1609269840000,0.000351649053477346
1609269900000,0.002504040240488339
1609269960000,0.002570979070626341
1609270020000,0.0006124922244836368
1609270080000,-0.0020810072431976163
1609270140000,-0.00443757698144022
1609270200000,-0.004525295679753573
1609270260000,-0.001836183845433711
1609270320000,-0.004256327444813813
1609270380000,-0.000542675559234353
1609270440000,0.0021023538516785154
1609270500000,-0.0012957697050540776
1609270560000,0.003924752590784483
1609270620000,0.0031201265945473076
1609270680000,0.0014699580649888248
1609270740000,0.003063452653829949
1609270800000,-0.0012320976240231343
1609270860000,0.0003622762929135066
1609270920000,-0.0024173160748602366
1609270980000,-0.003858204054532652
1609271040000,-0.000756354579112973
1609271100000,-0.0029171241083064767
1609271160000,-0.0013910792107738182
1609271220000,0.0023352302362253502
1609271280000,0.0025112122682805263
1609271340000,0.003695564237502057
1609271400000,0.0010728396067885809
1609271460000,-0.0010058536282509004
1609271520000,-0.0016023064700879512
1609271580000,0.0002835290056898634
1609271640000,0.0002707595280349246
1609271700000,-0.0011733455480769338
1609271760000,-0.0013765662835204342
1609271820000,-0.0024406105167972055
1609271880000,-0.0013941058734366144
1609271940000,0.0007474032945340685
1609272000000,0.004168031366007758
1609272060000,0.00508620010561631
1609272120000,0.010955997161306904
1609272180000,0.009016827129552348
1609272240000,0.01249322775312342
1609272300000,0.004007466986975608
1609272360000,-0.0010581421744040298
1609272420000,0.0012278582738581157
1609272480000,-0.0054364084306160404
1609272540000,0.0002189031485384715
1609272600000,-0.0010043960401194983
1609272660000,-0.004183111636853868
1609272720000,0.00018600139609728224
1609272780000,-0.003107534335740579
1609272840000,0.0027741167203073685
1609272900000,0.010738322201363615
1609272960000,0.004294231495508649
1609273020000,0.007890836455802009
1609273080000,0.0023667356569491422
1609273140000,-0.0021881806989452334
1609273200000,0.002989815724688821
1609273260000,-0.0009485518489253895
1609273320000,0.00343842526341156
1609273380000,0.002121507866719754
1609273440000,0.0035061176230106517
1609273500000,-0.00017536253380486043
1609273560000,0.0006047479536599209
1609273620000,0.002072594626927588
1609273680000,0.0001605200910457008
1609273740000,0.00017874986245427165
1609273800000,-0.0014750244541100557
1609273860000,-0.0016438603431639678
1609273920000,-0.0016642718788503945
1609273980000,-0.0011606800444396896
1609274040000,0.0011942213402519038
1609274100000,-0.0005447310896537919
1609274160000,0.0024399452313388376
1609274220000,0.006247831365541056
1609274280000,0.0038387666074030883
1609274340000,0.004107020014248348
1609274400000,0.004654403892578021
1609274460000,0.002960711871160661
1609274520000,-0.0023520721914383875
1609274580000,-0.0007592077823568606
1609274640000,-0.004177322802598348
1609274700000,-0.007161876905649882
1609274760000,-0.0017330559834590731
1609274820000,-0.0006931499051944209
1609274880000,0.0019309246390230748
1609274940000,0.0020625937579809893
1609275000000,0.0014928636796559865
1609275060000,-0.0026759111934883013
1609275120000,-0.0012437290368456167
1609275180000,0.001550000058535937
1609275240000,-0.0004410625370791023
1609275300000,-0.0011291467001344714
1609275360000,-0.0007948365581907683
1609275420000,-0.0009278822887894533
1609275480000,-0.0010090692117610935
1609275540000,0.00174290986255909
1609275600000,0.000493358239740539
1609275660000,0.00019652394287445867
1609275720000,0.0012057123778364323
1609275780000,0.00019241394069752248
1609275840000,0.0007823089840961365
1609275900000,0.0010939351997673096
1609275960000,-0.0013017526575912993
1609276020000,-0.002373669819974651
1609276080000,-0.0034754375894243132
1609276140000,-0.001605533568845053
1609276200000,-0.0010687400590669559
1609276260000,-0.0018723755726565454
1609276320000,-0.00032022012173052347
1609276380000,-0.0004624847353925783
1609276440000,-0.004686575133429778
1609276500000,-0.003122263781762526
1609276560000,-0.005323980356386465
1609276620000,-0.0030741242373652543
1609276680000,-0.002913891130865804
1609276740000,-0.002975611614391641
1609276800000,-0.0039049335228234193
1609276860000,-0.0019798144606557075
1609276920000,0.0022759281575156186
1609276980000,-0.0011497613868447644
1609277040000,0.00043383863567913756
1609277100000,-0.001237015740458796
1609277160000,-0.004438348449051669
1609277220000,-0.003163621061501618
1609277280000,-0.0022456583319963017
1609277340000,-0.003645220037192312
1609277400000,-0.0006320455166285241
1609277460000,-0.000901098061831371
1609277520000,0.0017978632518671684
1609277580000,0.002089407795460872
1609277640000,0.0033300248026508685
1609277700000,0.004137326793097438
1609277760000,0.0008077019033951155
1609277820000,-0.0007196325031014691
1609277880000,-0.0021209988532058985
1609277940000,-0.0013275051472840858
1609278000000,-0.002202075139729609
1609278060000,0.00031701375506530915
1609278120000,0.0008893017058402804
1609278180000,0.0016185763488135057
1609278240000,0.0005007232770225222
1609278300000,-0.0025382874051460215
1609278360000,-0.0003633236841088766
1609278420000,-0.004371975203798064
1609278480000,-0.0029367729071193933
1609278540000,0.0013665560290914878
1609278600000,0.0004893086207697099
1609278660000,-0.0013778565507906147
1609278720000,-9.120266337758177e-06
1609278780000,0.0028756757761503543
1609278840000,-0.0004582953287062848
1609278900000,0.0028692476981990777
1609278960000,0.0015407568508587282
1609279020000,-0.000248010420818222
1609279080000,2.881657590663051e-05
1609279140000,0.002107005735733103
1609279200000,0.0035583146637386065
1609279260000,0.0015747045982171311
1609279320000,0.004641171025039573
1609279380000,0.0034843410254336822
1609279440000,0.0006434446364355508
1609279500000,0.0013986049099343255
1609279560000,0.0003332675972409323
1609279620000,-0.0007380979771287414
1609279680000,0.0023573873820493386
1609279740000,0.0015784309800135313
1609279800000,0.0006078908424673349
1609279860000,0.0022580397529827255
1609279920000,-0.0010948774902060916
1609279980000,-0.0010083245605169307
1609280040000,0.000961709154292296
1609280100000,-0.001218082029490879
1609280160000,-0.00043877673859369704
1609280220000,-0.0013973322724188072
1609280280000,-0.0027483327789646563
1609280340000,-0.003249254491280384
1609280400000,-0.004122787427643023
1609280460000,-0.007046011299768968
1609280520000,-0.00723491059255288
1609280580000,-0.00570918438515321
1609280640000,-0.004831599970249242
1609280700000,-0.001041460815264797
1609280760000,0.0006886872238922419
1609280820000,-0.0032429772426346404
1609280880000,0.000986157346849366
1609280940000,-0.0034689792828530774
1609281000000,-9.713215604337544e-05
1609281060000,0.0041113523402675845
1609281120000,0.003797938706941902
1609281180000,0.008520514928345322
1609281240000,0.0005643994730789997
1609281300000,0.0043136904548940905
1609281360000,0.0019461942360683153
1609281420000,-0.003074215625366284
1609281480000,0.0029939650791812045
1609281540000,-0.0007895084599215924
1609281600000,0.001972331354814224
1609281660000,0.003816171480478658
1609281720000,0.0038432996479811025
1609281780000,0.001997539370076372
1609281840000,0.0012216933541131306
1609281900000,-0.0012511253357821725
1609281960000,3.9109579687621975e-05
1609282020000,-0.005173799713583993
1609282080000,-0.007454545730010595
1609282140000,-0.004342778677195899
1609282200000,-0.005033329670461228
1609282260000,-0.004017707342834384
1609282320000,-0.0005629553987965657
1609282380000,0.0006252210132456795
1609282440000,-0.0026443450572574668
1609282500000,0.00031769538796123025
1609282560000,-7.637573948228911e-05
1609282620000,0.003556008311419092
1609282680000,0.004772652432485319
1609282740000,0.005174125232699801
1609282800000,0.0022383324464122565
1609282860000,-0.0010305596068484492
1609282920000,0.0038546038539827546
1609282980000,0.0041061844411763235
1609283040000,0.0012942738310735113
1609283100000,0.006192756553335563
1609283160000,0.005295868181689041
1609283220000,0.0007985420613872269
1609283280000,-0.0004413822601849312
1609283340000,-0.0017528349425917117
1609283400000,-0.0034060191822142824
1609283460000,-0.0029268078704953004
1609283520000,-0.001151334401338519
1609283580000,-0.00030647752501716054
1609283640000,-0.0013557629840336629
1609283700000,-0.0010690248779879636
1609283760000,0.00041861853464109246
1609283820000,-0.002642893741985272
1609283880000,-0.0011293567229008264
1609283940000,-0.0023036932638215253
1609284000000,-0.00248146081206438
1609284060000,0.0017771044199276242
1609284120000,0.0040419182658644505
1609284180000,0.0024654929822531535
1609284240000,0.0038884500071003757
1609284300000,0.0009899961257888335
1609284360000,0.0006804040896869389
1609284420000,0.0007971615202272626
1609284480000,-0.0012419681787867727
1609284540000,0.0009686166461995311
1609284600000,-0.0011930860677125798
1609284660000,-0.002486569460319284
1609284720000,-0.0009386854815071459
1609284780000,-0.0017167800963110004
1609284840000,0.0004187186709633087
1609284900000,-0.0017956302996020113
1609284960000,-0.0025121577048037064
1609285020000,-0.0004519645910355801
1609285080000,-0.0027990900312507344
1609285140000,-0.001346538702088891
1609285200000,-0.0016211111368076344
1609285260000,-0.004528803432981786
1609285320000,-0.009382475745783015
1609285380000,-0.00708587879694229
1609285440000,-0.009274590806038034
1609285500000,-0.009355569138581224
1609285560000,-0.00835049234417109
1609285620000,-0.011535197697316884
1609285680000,-0.004442541025691877
1609285740000,-0.0009427169221354015
1609285800000,0.0016303873745331634
1609285860000,0.005796998115132828
1609285920000,0.009628371258572218
1609285980000,0.0069429596546907064
1609286040000,6.660714009020041e-05
1609286100000,0.002570056763733094
1609286160000,0.0006101021681461866
1609286220000,-0.0015977340387052872
1609286280000,0.0038404033546026507
1609286340000,0.0072739930885893506
1609286400000,0.0018250335377770271
1609286460000,0.003971805878142327
1609286520000,-0.0031714725906179107
1609286580000,0.0013586476676495103
1609286640000,-0.000941944642544788
1609286700000,0.002115915398092216
1609286760000,0.001259216105776749
1609286820000,0.0011996014804461063
1609286880000,0.00634802959587509
1609286940000,0.004849998734939119
1609287000000,0.0010892497817762865
1609287060000,0.004497017258280352
1609287120000,0.0023398011615048077
1609287180000,0.0031240178771799704
1609287240000,0.00537314825983185
1609287300000,0.006575078447395898
1609287360000,0.009029128489317716
1609287420000,0.0028042433469934827
1609287480000,0.008097874297103432
1609287540000,0.0036043852797333917
1609287600000,-0.001301420017474892
1609287660000,0.006157077100195779
1609287720000,0.0015739885493194416
1609287780000,0.004358224665907711
1609287840000,0.004833513631167045
1609287900000,0.00448375772689792
1609287960000,-0.0004492942779105243
1609288020000,0.003482521423929825
1609288080000,0.004814909853177299
1609288140000,0.0060355950731011505
1609288200000,0.0034651679936033163
1609288260000,0.005262974380866636
1609288320000,0.0024589416186283227
1609288380000,0.00028428295224979883
1609288440000,-4.0228453387829526e-05
1609288500000,-0.0018269117628961968
1609288560000,-0.004843117041326202
1609288620000,-0.010444091434498964
1609288680000,-0.008988448136207656
1609288740000,-0.006284757134609747
1609288800000,-0.003641964814141609
1609288860000,-0.0013118169645924037
1609288920000,-0.0008762279780354552
1609288980000,-0.001110123852281464
1609289040000,-0.003404467982806281
1609289100000,-0.001957995423933963
1609289160000,-0.004047730921185894
1609289220000,-0.0029896076829834016
1609289280000,-0.002110499481795989
1609289340000,0.002186208117672234
1609289400000,0.005072857446758963
1609289460000,0.004760070220515198
1609289520000,0.0033782610219195686
1609289580000,0.0004110603122323531
1609289640000,-0.0054388048980612055
1609289700000,-0.0018796418121391917
1609289760000,-0.001950924950442633
1609289820000,0.00011823186549690394
1609289880000,0.002237862919131871
1609289940000,0.0011792627346678508
1609290000000,0.0037152963883524833
1609290060000,-0.0024028461603957016
1609290120000,-0.002311045852703642
1609290180000,-0.0032950424082728476
1609290240000,-0.0030062015986948086
1609290300000,-0.00029009236953359447
1609290360000,-0.0005194664457912583
1609290420000,0.0006944229274571374
1609290480000,0.004261958637108362
1609290540000,0.0022770880857967486
1609290600000,0.0024957101538369292
1609290660000,0.0015647802789392677
1609290720000,0.0025218723880603444
1609290780000,-0.0016527002695973017
1609290840000,-0.0011660283904368293
1609290900000,-0.0002819953880910602
1609290960000,-0.00029431131724836685
1609291020000,0.00032117823920077863
1609291080000,-0.0005238760985331308
1609291140000,0.0013797096915801664
1609291200000,0.00041727223031694705
1609291260000,-0.0013699100792051453
1609291320000,-0.0015545734855265878
1609291380000,-0.0016958915795039103
1609291440000,-0.004674998128802501
1609291500000,-0.0017580249519051744
1609291560000,-0.00777076981086665
1609291620000,-0.005434775054512363
1609291680000,-0.00686131749921237
1609291740000,-0.006220476684588324
1609291800000,-0.008062323517173103
1609291860000,-0.007887821004436179
1609291920000,-0.003267132460938488
1609291980000,-0.0010823048143742248
1609292040000,0.004082182135257071
1609292100000,0.005010088940163115
1609292160000,0.002821945795598285
1609292220000,0.003999787903078511
1609292280000,0.004036503164481233
1609292340000,0.0012366703740465943
1609292400000,8.354529403102941e-06
1609292460000,-0.002991362193795175
1609292520000,0.0001392964616650514
1609292580000,-0.0023196569600703264
1609292640000,0.0011772026545418559
1609292700000,0.002583580017200383
1609292760000,0.0005952623388303231
1609292820000,0.0006950832657515394
1609292880000,-0.001034206166065058
1609292940000,0.0016422507780789785
1609293000000,0.0009052903770810041
1609293060000,0.0009289973186739707
1609293120000,0.005909488252048259
1609293180000,0.0034050260285187293
1609293240000,0.002429726838792033
1609293300000,0.005535424208325787
1609293360000,0.002531577608420995
1609293420000,0.0016465288286451817
1609293480000,0.004549016923499778
1609293540000,0.003937866019977811
1609293600000,0.0030503637179399605
1609293660000,-0.0014077710755493974
1609293720000,0.0002805156374065554
1609293780000,-0.0015762975164919286
1609293840000,-0.0004306762455150074
1609293900000,0.002521343287932366
1609293960000,0.007937386757014843
1609294020000,0.001519984044185869
1609294080000,0.00342364392333884
1609294140000,0.0003122579260044467
1609294200000,0.0005360054170764821
1609294260000,-0.0003761447616526216
1609294320000,0.0003003088792345131
1609294380000,0.0007503608606545094
1609294440000,-0.0018297208504870438
1609294500000,-0.003933693405545256
1609294560000,0.001443589740841374
1609294620000,0.004453789171655466
1609294680000,0.005236852210070198
1609294740000,0.007474993952274742
1609294800000,0.006588580855635524
1609294860000,0.003230488749172611
1609294920000,0.004754344322980272
1609294980000,0.004378423974231848
1609295040000,0.0013146742333895885
1609295100000,0.00047499207905783383
1609295160000,-0.0003632741821544598
1609295220000,-0.00022624565351251876
1609295280000,-0.00025624804881047854
1609295340000,0.002113817531643125
1609295400000,-0.0010326085630757641
1609295460000,-0.002334889706070164
1609295520000,0.001241716497822134
1609295580000,-0.00343777984376351
1609295640000,0.003950650716867654
1609295700000,0.005019649144803699
1609295760000,0.0016876892794568886
1609295820000,0.006176770156920687
1609295880000,0.004123936897174044
1609295940000,0.0037792564789076418
1609296000000,0.0020525236672265888
1609296060000,0.005791446715332818
1609296120000,0.00014164127860792291
1609296180000,0.001402946596389591
1609296240000,0.004327256086025376
1609296300000,0.001386041222087103
1609296360000,0.0023064719835723564
1609296420000,0.003229424708367544
1609296480000,0.0012913944227510975
1609296540000,-0.000647581393381663
1609296600000,0.00112359729833842
1609296660000,0.0014443040704446076
1609296720000,-0.0002886563873778524
1609296780000,0.0005186872958129237
1609296840000,-0.0025492854151502225
1609296900000,-0.004082335655366878
1609296960000,-8.589835568641935e-05
1609297020000,0.0005018597854190045
1609297080000,0.0047473727302191505
1609297140000,0.007579968484158202
1609297200000,0.00977966326237859
1609297260000,0.013043140321932498
1609297320000,0.006369956196680215
1609297380000,0.0037457036556401632
1609297440000,-0.002529913053089146
1609297500000,-0.004752311679163894
1609297560000,-0.004268686881157918
1609297620000,-0.0012802468072031562
1609297680000,-0.0009078459675073585
1609297740000,-0.0016396260466958845
1609297800000,-0.0013093921080992385
1609297860000,-0.007658031065904913
1609297920000,-0.006677999918282863
1609297980000,-0.005013574859062303
1609298040000,-0.004870945354659245
1609298100000,0.0011769890729912834
1609298160000,0.0002275345645407136
1609298220000,-0.000628526305177442
1609298280000,-0.0029329793737921384
1609298340000,-0.0076043085691588205
1609298400000,-0.004321240289289435
1609298460000,-0.0009555460503942358
1609298520000,-0.0002352610289762255
1609298580000,-0.0019130819750601557
1609298640000,-0.0007834131597924769
1609298700000,-0.0010949428428185708
1609298760000,-0.0006573088222868232
1609298820000,0.001192188437124078
1609298880000,0.0006422420139988862
1609298940000,0.0002079959024801435
1609299000000,-0.0021850005428421734
1609299060000,-0.0019350309521916308
1609299120000,-0.0012934896216277945
1609299180000,0.0005279749939505325
1609299240000,0.0008050552664676177
1609299300000,0.0008406164248483221
1609299360000,0.0009789341136002875
1609299420000,0.0013763911573433086
1609299480000,-0.00033376939969782874
1609299540000,0.0027401674973226474
1609299600000,0.001939982155086625
1609299660000,0.0026868363594113277
1609299720000,0.0026451572919402367
1609299780000,0.0025220523330841
1609299840000,0.0030785200654660496
1609299900000,0.0036537287754133136
1609299960000,0.005851092579707894
1609300020000,-0.0003518963394066858
1609300080000,0.00165792899449331
1609300140000,0.0013791090883554997
1609300200000,-0.001955528212736691
1609300260000,0.0005163848560329929
1609300320000,0.00017033382805472234
1609300380000,0.0007099824211320038
1609300440000,0.003998119560264638
1609300500000,0.001373391487180509
1609300560000,0.0033502608205335602
1609300620000,0.0008425229459810868
1609300680000,0.0007293722053233552
1609300740000,0.003512192848710326
1609300800000,0.004897045867874702
1609300860000,0.007912673721178497
1609300920000,0.00605471618129909
1609300980000,0.007252946599684727
1609301040000,0.003954806273331687
1609301100000,0.0005175997018200897
1609301160000,0.005459562494316683
1609301220000,0.0011132090688163931
1609301280000,-0.000449517268810412
1609301340000,-0.0005917663272939172
1609301400000,-0.0037155480488802912
1609301460000,-0.004570078448314636
1609301520000,-0.0016951632291364953
1609301580000,0.0015356998755973964
1609301640000,0.0014492427058845857
1609301700000,0.002500433454909466
1609301760000,0.0037628756469254834
1609301820000,0.0013039860084402457
1609301880000,-0.003047243042412405
1609301940000,-0.003429620145754972
1609302000000,-0.0021456664697909965
1609302060000,0.00045738819388700555
1609302120000,0.002912621114649443
1609302180000,0.00492322962359368
1609302240000,0.002512234955530318
1609302300000,0.001256188762619176
1609302360000,0.00011931578609075478
1609302420000,-0.002313136412112978
1609302480000,1.4628272734401069e-05
1609302540000,0.0012654191698986631
1609302600000,0.0022212193922257497
1609302660000,0.0009381841358665826
1609302720000,-0.00027682810127743713
1609302780000,0.0006994063033375766
1609302840000,-0.0022638092816840883
1609302900000,0.0003425403781822182
1609302960000,0.000988841046886634
1609303020000,0.001430795018803329
1609303080000,0.00021889347081622531
1609303140000,-0.00010128778908204013
1609303200000,-0.0015163830813396863
1609303260000,-0.003054891545235142
1609303320000,-0.002181027639192662
1609303380000,-0.0020428902700191445
1609303440000,0.00012889727348687187
1609303500000,0.0010861894699193636
1609303560000,0.0011834395868629568
1609303620000,-0.0003238877558717556
1609303680000,-0.0007191904993536265
1609303740000,-0.001014989484051368
1609303800000,-0.0022388283449644585
1609303860000,-0.0026521463928751363
1609303920000,-0.001937494279514088
1609303980000,0.0012003379300509036
1609304040000,-0.0005056191371020403
1609304100000,0.00046849784581980873
1609304160000,-0.0006275944475260617
1609304220000,-0.000540143473322289
1609304280000,-0.00020942147885510889
1609304340000,-0.00032254226204311994
1609304400000,-0.0007952293478007649
1609304460000,0.000742544552000686
1609304520000,-0.002733957665792429
1609304580000,-0.0034061906139837756
1609304640000,-0.002201964312531222
1609304700000,-0.002961321469914109
1609304760000,0.00011275327199705091
1609304820000,0.0006769938988434308
1609304880000,-0.00053402183653334
1609304940000,-1.9351326347349648e-05
1609305000000,-0.0007630564239905123
1609305060000,0.00043662045290672474
1609305120000,0.0035073104877537307
1609305180000,0.002647618552251962
1609305240000,0.0014025238995455764
1609305300000,0.0024161281482993377
1609305360000,0.00035321009846149207
1609305420000,-0.0003097204148045863
1609305480000,-0.0007826792348100853
1609305540000,0.0006142638843015843
1609305600000,-0.0029411978845851005
1609305660000,-0.002165347456706867
1609305720000,1.9781539281375082e-05
1609305780000,-0.0007282445229110455
1609305840000,-0.0007673905989575508
1609305900000,0.0014711851199802801
1609305960000,0.00019870166696079044
1609306020000,-0.0013161936468206572
1609306080000,0.004432266181241435
1609306140000,0.003758092823000211
1609306200000,-6.514991408518162e-05
1609306260000,0.0012327773653444296
1609306320000,0.0009078885203312
1609306380000,0.0020590314414091274
1609306440000,0.00538897247597437
1609306500000,0.0036692933507391674
1609306560000,0.003020884268652386
1609306620000,0.0013321566451358316
1609306680000,0.001960651858271725
1609306740000,0.004815132774647982
1609306800000,0.003838515546228762
1609306860000,0.006826434384022203
1609306920000,0.004407760947136169
1609306980000,0.00380897397905451
1609307040000,0.0075287112234971075
1609307100000,0.002911101492562391
1609307160000,0.0025854490300173207
1609307220000,0.0005892455210998826
1609307280000,-0.0013022474048596496
1609307340000,-0.0010475968478272709
1609307400000,-0.0040731385612582495
1609307460000,-0.0009748014759948502
1609307520000,-0.0038278496455126302
1609307580000,-0.002953945201673406
1609307640000,-0.003025239425708048
1609307700000,-0.004534964108548375
1609307760000,-0.00236721334545533
1609307820000,-0.003313780669613914
1609307880000,-0.000751135190717048
1609307940000,0.0012830214524646667
1609308000000,0.002764425706333141
1609308060000,-5.666303802037084e-05
1609308120000,0.000448614095303087
1609308180000,-0.0021039934775517978
1609308240000,-0.004192377130376571
1609308300000,-0.0038851849141985926
1609308360000,-0.001398715956818813
1609308420000,-0.0008752513699768445
1609308480000,-0.0003126933139666059
1609308540000,0.0022316805067501373
1609308600000,-0.0018498689611396294
1609308660000,0.0002181951897172278
1609308720000,-0.0027813164617522816
1609308780000,-0.005668676131265603
1609308840000,-0.002093565733263561
1609308900000,-0.0026350213235019557
1609308960000,-0.002965764330837667
1609309020000,-0.000491433217208419
1609309080000,-0.0023500691033489585
1609309140000,-0.0008181398671291457
1609309200000,-0.00023128363243939912
1609309260000,-8.363340180301588e-05
1609309320000,0.0022976991901315323
1609309380000,0.001492736772310114
1609309440000,0.004017535236613675
1609309500000,0.004444517675614851
1609309560000,0.004691846902513276
1609309620000,0.0010611777271379804
1609309680000,0.0031840852973563567
1609309740000,0.0025043856279597337
1609309800000,0.0013690034755036741
1609309860000,0.0025248171804348593
1609309920000,0.004220511178138222
1609309980000,0.0006226712520539767
1609310040000,0.003777755478961454
1609310100000,0.0016024510449696733
1609310160000,0.00024103209643671692
1609310220000,0.0020279660990055975
1609310280000,0.0018878615041119675
1609310340000,0.006334893246258928
1609310400000,0.006417415148936351
1609310460000,0.006709209456406769
1609310520000,0.004968440646640474
1609310580000,0.004153912284036268
1609310640000,0.0055175982977879534
1609310700000,0.0016121690704044315
1609310760000,0.003427287273591616
1609310820000,0.0018908923933250547
1609310880000,0.0006216432650897616
1609310940000,-0.0006603791010682458
1609311000000,-0.002365742231322056
1609311060000,-0.002046605688635431
1609311120000,-0.0031556172408416295
1609311180000,-0.00518132316638394
1609311240000,-0.004731237890894942
1609311300000,-0.0007931774325188448
1609311360000,-0.0024343642222369715
1609311420000,-0.0049763874398001525
1609311480000,-0.0007036431214689321
1609311540000,-0.0056086706032444904
1609311600000,-0.0043974045373809546
1609311660000,0.005899506629900677
1609311720000,0.006409299742243784
1609311780000,0.00967750149432829
1609311840000,0.006044036711007916
1609311900000,0.00015129081633431636
1609311960000,-0.003360221282915001
1609312020000,-0.002966410581241351
1609312080000,-0.0023438062813213654
1609312140000,-0.00035441742311227963
1609312200000,-0.0007246929494310141
1609312260000,0.00045999335135302394
1609312320000,-0.00011846487795260864
1609312380000,0.0009510482249805316
1609312440000,0.001748831651689018
1609312500000,-0.0016200161721507493
1609312560000,-0.003853966473032255
1609312620000,-0.0064652607165041984
1609312680000,-0.004679658094689643
1609312740000,-0.004964585301828781
1609312800000,0.0003733847692628248
1609312860000,-0.0015423932507418684
1609312920000,-0.0007861106998969025
1609312980000,0.0012439449581595982
1609313040000,-0.0018099994156943956
1609313100000,-0.0005432901028932213
1609313160000,-0.00011061098557524426
1609313220000,-0.0007691777993741381
1609313280000,-0.002942924536348996
1609313340000,-0.00043415704546531355
1609313400000,-0.0009962223791540633
1609313460000,-0.0008061377370614734
1609313520000,-0.0009862340050725302
1609313580000,0.0005131231137504599
1609313640000,0.0031006902874814797
1609313700000,0.0008248940504350846
1609313760000,0.00021470282735126453
1609313820000,0.0014586546890115037
1609313880000,0.0025877691750569873
1609313940000,0.002041642355927889
1609314000000,0.0013243457627473234
1609314060000,0.0010679890869169587
1609314120000,-0.0008692359932733071
1609314180000,-0.002551091675864312
1609314240000,-0.0028315536889870012
1609314300000,0.0006006172188496174
1609314360000,0.0016942453751402776
1609314420000,0.0018001326521845688
1609314480000,0.002689034751871562
1609314540000,0.00015305372290305133
1609314600000,-0.0008554147208549815
1609314660000,-0.0025021180895118825
1609314720000,-0.000716644575585537
1609314780000,-0.00032378486285726445
1609314840000,-0.0013056555188388577
1609314900000,0.002638700982313051
1609314960000,-0.00164655546263183
1609315020000,0.0016032809127189442
1609315080000,0.004683970718412675
1609315140000,0.002350126387957264
1609315200000,0.003461000063599547
1609315260000,-0.0006122666918073366
1609315320000,-0.0017648917704322876
1609315380000,-0.0019793439351006438
1609315440000,-0.002298072681458315
1609315500000,-0.001003673739623775
1609315560000,-5.249224525037925e-05
1609315620000,-0.0002500514454314494
1609315680000,0.001141383836031487
1609315740000,0.0009369307888393333
1609315800000,0.0006143846412509883
1609315860000,-0.000599336406433071
1609315920000,-0.0023678019545266505
1609315980000,-0.0009813942976235864
1609316040000,-0.0026037071268411463
1609316100000,0.0005750755684867866
1609316160000,0.002345250006445703
1609316220000,0.004291397531984136
1609316280000,0.006945627982302934
1609316340000,0.006712941552000248
1609316400000,0.006606465392055646
1609316460000,0.004155266926587715
1609316520000,0.0009197643367325876
1609316580000,0.00011741558192792417
1609316640000,-0.0037447714933298614
1609316700000,-0.006861617529101305
1609316760000,-0.00935865027956889
1609316820000,-0.01353862416677379
1609316880000,-0.0012056193354713354
1609316940000,0.004825830668397261
1609317000000,0.0024014773777803864
1609317060000,0.009999821348102822
1609317120000,0.002059225270417954
1609317180000,-0.004208406515698435
1609317240000,-0.0009723649745288378
1609317300000,0.00037129646493850265
1609317360000,-0.002209016456116776
1609317420000,-0.0010092663179961988
1609317480000,-0.0008258405334737352
1609317540000,-0.0039059333178908875
1609317600000,0.0006083268523697165
1609317660000,-0.0008286346037182405
1609317720000,-0.001340306041682802
1609317780000,0.0012577679823870453
1609317840000,-0.0021000290691589613
1609317900000,0.0002477753752161507
1609317960000,0.005481119678814469
1609318020000,0.004838531397806004
1609318080000,0.003397463236948203
1609318140000,0.001694254883812018
1609318200000,0.00302047777338833
1609318260000,-0.0011143062011962138
1609318320000,0.0013629244108324672
1609318380000,-0.0025915200226446404
1609318440000,-0.002521171149516128
1609318500000,-0.005234569247304254
1609318560000,-0.0031920720949497193
1609318620000,0.0001519861960117357
1609318680000,2.077531581222001e-05
1609318740000,0.0001890575213609824
1609318800000,0.0033114329183576334
1609318860000,0.003144642227134404
1609318920000,-0.0007402235058586931
1609318980000,0.0006199341323102471
1609319040000,-0.002148551655466596
1609319100000,-0.0026861226222521704
1609319160000,-0.0014122297342000348
1609319220000,-0.0023425648626942356
1609319280000,-0.0012241126114200713
1609319340000,0.0008047349000641685
1609319400000,-0.0015032569086973597
1609319460000,-4.3093817368149186e-05
1609319520000,-0.00149460959825177
1609319580000,3.547083212046369e-06
1609319640000,0.0013905653225372923
1609319700000,0.0012244060152511117
1609319760000,0.00047042176946936686
1609319820000,0.00046030438092771995
1609319880000,-0.0022859075741213366
1609319940000,-0.003448223509080394
1609320000000,-0.003470308438069767
1609320060000,-0.002980625468445652
1609320120000,-0.0006716108801975188
1609320180000,0.0012753671404386858
1609320240000,0.003249201659047131
1609320300000,0.0015913120462586318
1609320360000,-0.003298319594664058
1609320420000,-0.0013716056512438433
1609320480000,-0.005451502398776707
1609320540000,-0.0027840640744920767
1609320600000,-0.0005901452845064607
1609320660000,0.0005205097258661307
1609320720000,-5.923427203251481e-05
1609320780000,-9.66901593118382e-05
1609320840000,-9.672340711006418e-05
1609320900000,-0.002566825008673002
1609320960000,0.0014733304304031356
1609321020000,-0.0017845280917414255
1609321080000,-0.0008264108235370048
1609321140000,0.0031582256795763663
1609321200000,0.0001960644958249716
1609321260000,0.003009841082773676
1609321320000,0.0001258517731922748
1609321380000,-0.002222190370699952
1609321440000,-0.0004565417183525855
1609321500000,-0.003234427184049183
1609321560000,-0.00016513337750509737
1609321620000,0.0038157018420123885
1609321680000,-0.0007878834833194231
1609321740000,0.00047397970329682255
1609321800000,0.0014794154309435378
1609321860000,-0.00038051072825922655
1609321920000,0.00022285494076953625
1609321980000,0.0022941422120342737
1609322040000,0.0027458421225497885
1609322100000,0.003510789801472358
1609322160000,0.007868107513229954
1609322220000,0.008322853923183736
1609322280000,0.0030324183430278672
1609322340000,0.0016458500405969816
1609322400000,-0.0019176985942244565
1609322460000,-0.0019197166882981137
1609322520000,-0.0026747123579459577
1609322580000,-0.0014147058942053244
1609322640000,-0.0014865785692402265
1609322700000,-0.00024567372679000114
1609322760000,-1.1698603127332977e-05
1609322820000,-5.3912941609479985e-05
1609322880000,0.0022119312619217194
1609322940000,0.0008591994638300072
1609323000000,-0.002292813688935916
1609323060000,-0.001240318745397152
1609323120000,-0.003270627424189059
1609323180000,-4.8943649773643225e-05
1609323240000,0.000678440293882961
1609323300000,0.000994606476191145
1609323360000,0.0018551847373245564
1609323420000,-0.0008429301108036276
1609323480000,-0.003997900311084251
1609323540000,-0.00299327575407357
1609323600000,-0.0013827756564323676
1609323660000,-0.000909185046089346
1609323720000,0.000566949674092441
1609323780000,0.0009287927924215008
1609323840000,4.20602536417803e-05
1609323900000,-6.286989732681815e-05
1609323960000,-0.001287179100701292
1609324020000,-0.003968614300980162
1609324080000,5.1643216064517155e-06
1609324140000,-0.003685422235894916
1609324200000,-0.0020785145510672175
1609324260000,-0.0034067861324825264
1609324320000,-0.0048011476696379505
1609324380000,-0.0036292272833573576
1609324440000,0.00015557428642524817
1609324500000,-0.002521951180501377
1609324560000,0.0010272518320123616
1609324620000,-0.003458499536796077
1609324680000,-0.0035685485341323225
1609324740000,-0.0024017222500913775
1609324800000,-0.0011916109901955142
1609324860000,0.003367767949238531
1609324920000,0.00014841749929019862
1609324980000,0.0022189753061499316
1609325040000,0.0073193234983963485
1609325100000,-0.0010937365490914209
1609325160000,0.004522202513828774
1609325220000,0.00042689416200426226
1609325280000,-0.0020439165031246576
1609325340000,-0.000653945796660496
1609325400000,-0.003032911987630692
1609325460000,-0.0015069283549756754
1609325520000,0.00048306237320419474
1609325580000,-0.00154708834009096
1609325640000,0.001214305223594009
1609325700000,0.0008974388557846727
1609325760000,0.0014516994586086939
1609325820000,-0.0012492655021161686
1609325880000,-0.00223645619162581
1609325940000,-0.0021833886269782264
1609326000000,0.00015253632618328225
1609326060000,-0.002407336436041674
1609326120000,0.001232719625886036
1609326180000,0.0023112662640330816
1609326240000,-0.000912774428366272
1609326300000,0.001676658768261793
1609326360000,0.00423281097224649
1609326420000,0.0011847702190543566
1609326480000,0.000242669372937291
1609326540000,0.001730866644585691
1609326600000,-0.002089157422265632
1609326660000,-0.0014337633539322774
1609326720000,-0.000284191134987971
1609326780000,-0.000793255133445862
1609326840000,-0.00018053733678126334
1609326900000,-0.00028259131998393616
1609326960000,-0.0003390335732960415
1609327020000,-8.031107694957822e-05
1609327080000,0.0015803056137010695
1609327140000,0.0010057349421823227
1609327200000,0.002556706242090621
1609327260000,0.0024782503456274438
1609327320000,-0.0017932067257163866
1609327380000,-0.002156210661171401
1609327440000,-0.005371532700754527
1609327500000,-0.006152629981968415
1609327560000,-0.005826154898551912
1609327620000,-0.007048445956507074
1609327680000,-0.004525649896003377
1609327740000,-0.003169771120081675
1609327800000,-0.0009992059183685728
1609327860000,0.006538073365166838
1609327920000,0.004884353753696661
1609327980000,0.006141010732976796
1609328040000,0.0050128298428412385
1609328100000,0.002856732193521083
1609328160000,0.004729449529925813
1609328220000,0.002856744532823712
1609328280000,0.007538901904808251
1609328340000,0.0008272289610191128
1609328400000,0.0022130995389120422
1609328460000,0.0009124893069291063
1609328520000,0.00019377757798441582
1609328580000,0.0013153136200182447
1609328640000,0.001350240040632895
1609328700000,-0.0020339444630564107
1609328760000,-0.0020711673324203066
1609328820000,-0.0049524610470198255
1609328880000,-0.003864949464071319
1609328940000,-0.00514565788479177
1609329000000,-0.0026161497732935263
1609329060000,-0.00017835066804247808
1609329120000,-3.430013164896593e-05
1609329180000,0.0013777229370837676
1609329240000,-0.0003890855013333212
1609329300000,0.0033522621947562298
1609329360000,0.0020321630589584727
1609329420000,0.0019144945774306613
1609329480000,-0.0017477937955376625
1609329540000,0.0036864519169370878
1609329600000,-0.00039656972209311993
1609329660000,-0.002912574961924756
1609329720000,-0.0038160410351058
1609329780000,-0.009362676258445826
1609329840000,-0.006666248796624321
1609329900000,-0.0024018629716403496
1609329960000,-0.0005718992056705606
1609330020000,0.0037322782501962087
1609330080000,0.006208454335151843
1609330140000,0.003273148360749905
1609330200000,0.002709287885546506
1609330260000,0.0035308490642880276
1609330320000,0.00281788861854486
1609330380000,0.0019896806458624934
1609330440000,0.004708986302414017
1609330500000,0.0013788820553218282
1609330560000,0.0011436844936733258
1609330620000,-0.0005883797356786111
1609330680000,-0.004522091496312742
1609330740000,-0.0018779787541624974
1609330800000,-0.0018861311410729603
1609330860000,-0.0026520811126621276
1609330920000,-0.0018127474897349435
1609330980000,0.0028511467800653866
1609331040000,-0.00024094437912424956
1609331100000,0.0007145922456465291
1609331160000,0.0016501462114490372
1609331220000,0.001404725750567115
1609331280000,0.0010973795285241685
1609331340000,-0.00030654058611269197
1609331400000,3.260765791815292e-05
1609331460000,-0.002268585529503344
1609331520000,-0.0018963435521451642
1609331580000,-0.000986495051532288
1609331640000,-0.000890898897717563
1609331700000,-0.0015852734378648268
1609331760000,-0.0010377572620819011
1609331820000,0.0005182781813351381
1609331880000,0.00024438608159276453
1609331940000,-0.0007416894985088723
1609332000000,0.002769450480678972
1609332060000,-0.0017483248435844112
1609332120000,-0.0024118790771286897
1609332180000,-0.00128341026491642
1609332240000,-0.0027754327751626424
1609332300000,0.0001541401949532816
1609332360000,-0.0019832729284788
1609332420000,0.0006175170286130803
1609332480000,1.946983942302836e-07
1609332540000,0.0022788156612255704
1609332600000,-0.0002555547593082598
1609332660000,0.0019172777951636498
1609332720000,-0.0017979209099818403
1609332780000,0.0002803274929582459
1609332840000,-0.0009068181302594528
1609332900000,0.0005035769889823834
1609332960000,0.00035041636763875997
1609333020000,-0.0005098218278667665
1609333080000,-0.0017212466460234733
1609333140000,-0.0020325429319443837
1609333200000,-0.001266341418986292
1609333260000,-0.0012719578730330393
1609333320000,-0.0017098028473077548
1609333380000,0.00033113379547154085
1609333440000,0.0033484350672380817
1609333500000,0.0020318469983107096
1609333560000,0.0027130799403379045
1609333620000,0.0006397792504769416
1609333680000,-0.000594354796216618
1609333740000,0.0005415693095541248
1609333800000,0.0002558552122769325
1609333860000,0.000983648508799063
1609333920000,0.0010080353268515627
1609333980000,-0.002501857013914238
1609334040000,-0.00038254350987553193
1609334100000,-0.0010046274064650798
1609334160000,-0.0012837768843542256
1609334220000,0.002114184063369115
1609334280000,0.0013999244448921313
1609334340000,0.0008394764979102315
1609334400000,0.002439101349145174
1609334460000,-0.0016185557377220864
1609334520000,-0.0012354391454984565
1609334580000,0.0003673107643721675
1609334640000,-0.0022659050033176607
1609334700000,0.002405207298538102
1609334760000,0.0022396888735299494
1609334820000,-0.00035688387885773014
1609334880000,0.0022405318024521607
1609334940000,-0.0008879104520725353
1609335000000,0.0005097579620018578
1609335060000,-0.0005199338348254981
1609335120000,-0.0009004713405574686
1609335180000,-0.0014946844937312024
1609335240000,-0.0016562790149696638
1609335300000,0.0003083932719897699
1609335360000,0.0002428812858731438
1609335420000,0.0009771516644837312
1609335480000,-0.0002794286178437256
1609335540000,0.0035579969907569464
1609335600000,0.0020784188568390384
1609335660000,0.0004943288433496375
1609335720000,0.00022532507795013248
1609335780000,-0.0012353365453696174
1609335840000,-0.001926874065668084
1609335900000,0.0034338507371847737
1609335960000,0.0031118254388821107
1609336020000,0.007815430835952793
1609336080000,0.007545319014613712
1609336140000,0.004507499065170095
1609336200000,0.0023892386635106597
1609336260000,0.0008430308965657553
1609336320000,-0.00229879750401616
1609336380000,-0.0020111569620252694
1609336440000,0.0003536807810867909
1609336500000,-0.0013349554726444224
1609336560000,-0.002878234072150584
1609336620000,-0.0034735021175946778
1609336680000,0.000785904044911324
1609336740000,3.70031568062339e-05
1609336800000,-5.612576230194059e-05
1609336860000,0.0029672934027695727
1609336920000,-0.0006844890443105454
1609336980000,-0.000932127587675728
1609337040000,-2.2999789472521212e-05
1609337100000,-0.0035152319471385978
1609337160000,-0.0038551672663789662
1609337220000,-0.0043575992870077355
1609337280000,-0.002339375558214122
1609337340000,-0.002863709260635944
1609337400000,-0.0010013090260397603
1609337460000,-0.0005964040938489938
1609337520000,0.0008087107220832602
1609337580000,-0.0008261773791731535
1609337640000,0.0014620470950520925
1609337700000,-0.001614797944652319
1609337760000,-0.002175004622707942
1609337820000,0.0003500210582422826
1609337880000,-0.003722197460871914
1609337940000,-0.0014722742420740288
1609338000000,0.0019025341576163176
1609338060000,-0.0013104767734770316
1609338120000,-0.0012172575079718384
1609338180000,-7.08197223096024e-05
1609338240000,-0.001833288546276061
1609338300000,8.6137688925678e-05
1609338360000,0.004116536325671488
1609338420000,0.0016688586436694813
1609338480000,0.0034419763031853946
1609338540000,0.0023662164795201263
1609338600000,-0.0011279363004678604
1609338660000,-0.0017135147794538322
1609338720000,-0.0003441340835167888
1609338780000,-0.002238534504403256
1609338840000,0.005224040168820283
1609338900000,0.0010789999092215643
1609338960000,-0.0030194368802334494
1609339020000,-0.0011091292625949214
1609339080000,-0.006870876723731794
1609339140000,-0.003966454503791319
1609339200000,-0.004368868108800586
1609339260000,-0.0027728567627321723
1609339320000,0.0018998476909435598
1609339380000,0.0035887004312482288
1609339440000,0.0048719556455899616
1609339500000,0.006530121177407254
1609339560000,0.003121241199754049
1609339620000,0.0047060640682867775
1609339680000,0.0022836443451970975
1609339740000,-0.00042182354859408475
1609339800000,0.0004941325451437834
1609339860000,0.001019144729003951
1609339920000,3.498493750110805e-05
1609339980000,0.002217735566517672
1609340040000,0.0003910658716934516
1609340100000,0.0016401426399672357
1609340160000,-0.00035855055785340384
1609340220000,-0.00107501216742278
1609340280000,-0.0005792836482953472
1609340340000,0.0023127194804756146
1609340400000,0.0018048605170342118
1609340460000,0.00048704712355146593
1609340520000,-0.00011807652454318104
1609340580000,-0.003039557793502291
1609340640000,-0.0028975596329748757
1609340700000,-0.0006546595675495762
1609340760000,-0.0017051723954961307
1609340820000,0.00129886903759427
1609340880000,0.0011916584319300659
1609340940000,-0.00012397537451216923
1609341000000,0.0021876662215280463
1609341060000,0.004212773863557085
1609341120000,0.004306766291758345
1609341180000,0.00266166370963829
1609341240000,0.0006610248423499139
1609341300000,-0.002299015288048759
1609341360000,-0.0029673383393698095
1609341420000,-0.0021360801131860506
1609341480000,0.00035155864295366017
1609341540000,-0.003442717540705065
1609341600000,-0.004909669085344266
1609341660000,-0.001135979322933911
1609341720000,-0.004222668751889363
1609341780000,-0.0017131563827978676
1609341840000,0.00023594929983012525
1609341900000,0.0007564439777043583
1609341960000,0.0006990182445756328
1609342020000,0.004062583221622071
1609342080000,0.002911364711837076
1609342140000,-0.0006330797716542322
1609342200000,0.0013319543351714674
1609342260000,0.0010497893563542484
1609342320000,0.0002151911237985807
1609342380000,-0.00023223845464924832
1609342440000,0.00022177940094014466
1609342500000,0.00081217646842947
1609342560000,-0.001512746038570241
1609342620000,-0.0003126300050052558
1609342680000,-0.0003565400468144298
1609342740000,0.00077017834749851
1609342800000,-0.0005351916721671714
1609342860000,-0.0015063368193983333
1609342920000,0.0004948236739760832
1609342980000,0.00058470063007923
1609343040000,0.0010433017198634635
1609343100000,0.003233386145025895
1609343160000,-0.0020860516029051115
1609343220000,-0.0019390272607635757
1609343280000,0.0009231054840774662
1609343340000,-0.0006795028219549851
1609343400000,0.00012327146647974426
1609343460000,0.0009974221191634469
1609343520000,-0.0006479089934366918
1609343580000,-0.002760707516564052
1609343640000,9.424712711921988e-05
1609343700000,-0.0030218262949377505
1609343760000,-0.0006332328094110864
1609343820000,0.001356429162200678
1609343880000,0.00025047101127181496
1609343940000,0.004522808976453794
1609344000000,0.00318332656709214
1609344060000,0.0008291970851779589
1609344120000,0.0009583305133255608
1609344180000,-0.0020429529439865393
1609344240000,-0.0018993533034193913
1609344300000,-0.002624511442124799
1609344360000,-0.002027383396163557
1609344420000,6.498146778073092e-05
1609344480000,0.001540250664363694
1609344540000,0.0028776393974579337
1609344600000,0.0026816017811200133
1609344660000,0.0020996838321672316
1609344720000,0.00406826265005337
1609344780000,-0.0018527446918855332
1609344840000,4.273691377534009e-05
1609344900000,2.6728078282282934e-05
1609344960000,-0.003078229563597219
1609345020000,-0.0004371440386335016
1609345080000,-0.0008058021079310677
1609345140000,-0.0013062457922235146
1609345200000,0.0012878648681658095
1609345260000,-0.000346813513632195
1609345320000,0.0014158323357502472
1609345380000,-0.0032347790313653167
1609345440000,-0.0027214045618873858
1609345500000,-0.0019363626223496764
1609345560000,-0.0014388010011213894
1609345620000,4.623741705505034e-05
1609345680000,0.005127421914338412
1609345740000,0.007072365275272808
1609345800000,0.0021159191925173306
1609345860000,0.001426025198330429
1609345920000,0.0010761399271530198
1609345980000,-0.0017541585596765592
1609346040000,0.0011764785188317884
1609346100000,-0.0009149656696595203
1609346160000,-0.0034506299891617223
1609346220000,-0.001418868351832435
1609346280000,-0.00425205443915078
1609346340000,-0.0024433948726141027
1609346400000,-0.0005326923229690431
1609346460000,-0.0037866014935171023
1609346520000,0.0006963586297497315
1609346580000,-0.0014207309422983338
1609346640000,-0.0010365192343799049
1609346700000,0.0020417065289946453
1609346760000,-0.0010645762890549926
1609346820000,0.0010308128859679035
1609346880000,-0.0005107725642691327
1609346940000,0.0006863713931500242
1609347000000,0.0023034673672301595
1609347060000,0.0015414566010419962
1609347120000,0.003469014728667927
1609347180000,0.0021158896030693676
1609347240000,0.001144957658280593
1609347300000,-0.0005611245565355024
1609347360000,0.0005585448824676536
1609347420000,-0.0013086388695240894
1609347480000,-0.0008883292741428576
1609347540000,-0.00027285444792173296
1609347600000,-0.0010714566678788964
1609347660000,-0.000259256167088655
1609347720000,-0.000314767228991125
1609347780000,1.8564368327308375e-05
1609347840000,-0.0013173754560977238
1609347900000,0.0005585649055586355
1609347960000,-0.004219387296684687
1609348020000,-0.0031141991587788453
1609348080000,-0.0006211610671856897
1609348140000,-0.003237622395717598
1609348200000,-0.0007107098995286658
1609348260000,-0.0003079226999428086
1609348320000,-0.0008652820628031617
1609348380000,-0.0017883627359495686
1609348440000,0.0005254370467334158
1609348500000,-0.0012079158083792658
1609348560000,-0.0006938952548922835
1609348620000,0.0012649141278306669
1609348680000,0.0002636809657074751
1609348740000,0.005169633311773392
1609348800000,0.004229769041578214
1609348860000,0.003128373183126826
1609348920000,0.00436815068839234
1609348980000,0.0016124050801190192
1609349040000,0.0024751989226807214
1609349100000,0.0034716789364489247
1609349160000,0.0037308662384254974
1609349220000,0.0012118980942166914
1609349280000,0.0014340749401989396
1609349340000,-0.0012916694838973697
1609349400000,-0.0014514821552167882
1609349460000,-0.003984547920536589
1609349520000,-0.002968812754291334
1609349580000,-0.0022417648697489957
1609349640000,-0.0022617189280861763
1609349700000,-0.0005558764858835995
1609349760000,-0.00034663250366972456
1609349820000,-0.00012477647937652442
1609349880000,-0.0003341539314203374
1609349940000,-0.001270917477097537
1609350000000,-0.0024651589263809176
1609350060000,-0.0019869413873809423
1609350120000,-0.0003987315325329422
1609350180000,-0.00013399457414142897
1609350240000,-0.0007494474994235545
1609350300000,-0.00026970555269688307
1609350360000,0.0005425742811779404
1609350420000,1.3634691594051147e-05
1609350480000,0.004785778424266896
1609350540000,0.003920245626245397
1609350600000,0.009070280625714053
1609350660000,0.0057227061007248435
1609350720000,0.005007301825520716
1609350780000,0.003941802596922279
1609350840000,-0.0004766794215829187
1609350900000,0.0013060416593438937
1609350960000,0.0002689424090969598
1609351020000,-0.0027493793411100228
1609351080000,0.0003118869727254084
1609351140000,-0.0008277079333412791
1609351200000,-0.0010840064949949777
1609351260000,-0.001006933483226412
1609351320000,0.0007166361968552416
1609351380000,0.00019651439245516272
1609351440000,0.001526368965344417
1609351500000,0.001952621956674384
1609351560000,0.0008903231034141131
1609351620000,0.002350731901603385
1609351680000,0.0011446808450942452
1609351740000,0.0022610502464613077
1609351800000,0.0082782579871505
1609351860000,0.00554511538134156
1609351920000,0.004639508544348036
1609351980000,0.004047208767731625
1609352040000,-0.003988783828320055
1609352100000,0.0001275489221229999
1609352160000,-0.0022817138414643586
1609352220000,-0.0010073743918647723
1609352280000,0.0011331467298239773
1609352340000,0.00043218506793254123
1609352400000,-0.0021226372441960676
1609352460000,-0.00350920372160876
1609352520000,-0.006011318986716614
1609352580000,-0.0034315259281780417
1609352640000,-0.0023057320634878144
1609352700000,-0.0042542997676114835
1609352760000,0.0013929074063050487
1609352820000,0.0018465797646769577
1609352880000,-0.00027537899766630976
1609352940000,0.004274137662228681
1609353000000,0.003928840992344712
1609353060000,0.005319990748077493
1609353120000,0.004817453461397372
1609353180000,0.003347425394383305
1609353240000,0.00366953506664323
1609353300000,0.003056798702794114
1609353360000,0.005120964896641555
1609353420000,0.0024460843231102025
1609353480000,0.0004071514337706755
1609353540000,0.0032728959663016824
1609353600000,-0.0008955430841737084
1609353660000,-0.001609613589456333
1609353720000,0.0043644874417799635
1609353780000,0.0017138148339367353
1609353840000,0.004711167899720156
1609353900000,0.0021169079150251094
1609353960000,0.00048416811491409006
1609354020000,0.001590401926898149
1609354080000,-0.0021915778593912553
1609354140000,0.0021297747301771463
1609354200000,0.0002168480292405476
1609354260000,0.00023116067457790303
1609354320000,0.0009750030073754441
1609354380000,-0.0019380866688787901
1609354440000,-0.0010267753303937921
1609354500000,-0.0013240114739085458
1609354560000,-0.001104375168392407
1609354620000,-0.00021720756645895594
1609354680000,-2.3588847940030113e-05
1609354740000,-0.0016031578139348625
1609354800000,-0.0025701457596482825
1609354860000,0.004325140067069559
1609354920000,0.005650405859989874
1609354980000,0.0035517978723234502
1609355040000,0.006303963063778452
1609355100000,0.004646483926488138
1609355160000,0.0014701162154744797
1609355220000,0.005190511982310866
1609355280000,0.0032630114482807937
1609355340000,0.0021440106739308564
1609355400000,0.0034111203840164997
1609355460000,0.001402933782874753
1609355520000,0.001118491093207848
1609355580000,-0.0006734047770099137
1609355640000,-0.0009548057439530707
1609355700000,-0.0013663380638277017
1609355760000,0.000291850919637096
1609355820000,0.001113877036048676
1609355880000,-0.0034083460447601787
1609355940000,-0.0036059318089644477
1609356000000,0.0006697929005824587
1609356060000,-0.002481791026047551
1609356120000,-0.0024942562119232904
1609356180000,-0.00014855033611948034
1609356240000,-0.003946213580384017
1609356300000,-0.004856059648380551
1609356360000,-0.00556143697695546
1609356420000,-0.005236997106260218
1609356480000,-0.0041921995002366895
1609356540000,-0.004736222514116681
1609356600000,-0.000668235834836374
1609356660000,-0.0002657904605384035
1609356720000,0.001463210890638433
1609356780000,0.00012335336547042582
1609356840000,-2.5669726732806936e-05
1609356900000,-0.003088125227513237
1609356960000,-0.0072841775138883106
1609357020000,-0.0038441087559436316
1609357080000,-0.0023797832641086853
1609357140000,-4.0288389121301456e-05
1609357200000,0.0022642299156833074
1609357260000,0.0020692959815269696
1609357320000,-0.0003964922983772661
1609357380000,-0.000890219751419401
1609357440000,-0.001347498141443469
1609357500000,0.00022944286614974492
1609357560000,0.0037275976303792393
1609357620000,0.002991531537593659
1609357680000,0.004271609178869116
1609357740000,0.003192397938651583
1609357800000,9.57621952233769e-05
1609357860000,-0.00029004993941424785
1609357920000,0.0021118360849361937
1609357980000,-0.0015745172849578922
1609358040000,-0.00016601991621838734
1609358100000,3.811631572288746e-05
1609358160000,-0.003192888186767876
1609358220000,-0.0015602489240272562
1609358280000,-0.002838503124909533
1609358340000,-0.002019492146788871
1609358400000,-0.0008996257010963235
1609358460000,-0.0040299584361591125
1609358520000,-0.0006104149150830064
1609358580000,0.002182108358152286
1609358640000,0.0013067680432976652
1609358700000,0.002712058252027635
1609358760000,0.0006450471354476302
1609358820000,-0.000775654138751269
1609358880000,-0.0025372981449083747
1609358940000,-0.001996227274354442
1609359000000,-0.0012397505609572155
1609359060000,-0.002344645696368024
1609359120000,-0.0011352835886683738
1609359180000,-0.0024840423248376755
1609359240000,-0.0020005995381235223
1609359300000,-0.005765466505560057
1609359360000,-0.0037338088693647225
1609359420000,-0.007503250174456392
1609359480000,-0.00745518398299135
1609359540000,-0.007834132538805987
1609359600000,-0.008603489575790295
1609359660000,-0.008444032520644094
1609359720000,-0.0059352688549812295
1609359780000,-0.004625400516925463
1609359840000,0.0008402559645833709
1609359900000,0.00926878182235589
1609359960000,0.006944086133311282
1609360020000,0.003826733127498329
1609360080000,0.0019301487120527768
1609360140000,-0.0019188347489121364
1609360200000,9.724101029401363e-05
1609360260000,0.0068641466351310396
1609360320000,0.008948693161004679
1609360380000,0.008251642440910216
1609360440000,0.006113773904402285
1609360500000,0.002645121418956901
1609360560000,0.004628129560847742
1609360620000,0.00802405425033302
1609360680000,0.003194736290409319
1609360740000,0.001167281203980346
1609360800000,-0.0018737304783658713
1609360860000,-0.0030412604352875955
1609360920000,-0.0006596886832239427
1609360980000,-0.0023488661647849303
1609361040000,-0.00019939767889858197
1609361100000,-0.0007909163677311371
1609361160000,0.001106993475894566
1609361220000,0.004874024827480662
1609361280000,0.005500310979444281
1609361340000,0.004979264852957066
1609361400000,0.0018086546612055417
1609361460000,0.0033297773135296626
1609361520000,0.0015221059251163114
1609361580000,0.0010234299311398483
1609361640000,-0.004364787149976228
1609361700000,-0.003413412447446564
1609361760000,-0.005255340678559385
1609361820000,-0.007839097496587226
1609361880000,-0.0009824231157921017
1609361940000,-0.0023300784642507916
1609362000000,-0.007249290956542
1609362060000,-0.003623067516574603
1609362120000,-0.0060793268514738276
1609362180000,-0.0018478461429423875
1609362240000,0.001689431734977634
1609362300000,0.0006691434709438727
1609362360000,0.004491653728701761
1609362420000,0.002493662869522581
1609362480000,-6.783733529508504e-05
1609362540000,0.00044682778836090944
1609362600000,-0.0008209815572944833
1609362660000,0.00025220792247688254
1609362720000,0.0008096625574510937
1609362780000,0.002307720265689997
1609362840000,0.0007019345192779722
1609362900000,-0.001314294513401678
1609362960000,0.0005147865565417253
1609363020000,-0.0022572976671413354
1609363080000,-0.0009829978600294248
1609363140000,0.0011381376135266952
1609363200000,-0.0012273930346922998
1609363260000,-0.001745259560796714
1609363320000,-0.0010541101798360985
1609363380000,-0.00030506934242530143
1609363440000,-0.003210900585438981
1609363500000,0.00024717016472148255
1609363560000,0.0030731207213189967
1609363620000,-0.00030987524367512525
1609363680000,-0.0002446402949428924
1609363740000,-8.84216981523751e-05
1609363800000,0.0015508055442493035
1609363860000,0.0010941036305414803
1609363920000,0.0019853584921890855
1609363980000,0.0019768420466744264
1609364040000,-0.0008310483677815563
1609364100000,-0.0007277623952099961
1609364160000,-0.0024867541918835554
1609364220000,-0.003287056875169192
1609364280000,-0.0022214492068115804
1609364340000,-0.0004486367306101352
1609364400000,0.0013476059133698704
1609364460000,0.0017597706386611766
1609364520000,0.004766366637674434
1609364580000,0.001715991200558955
1609364640000,0.001125551035817685
1609364700000,0.002513136685631906
1609364760000,-0.002599185370162719
1609364820000,-0.0026596960961920322
1609364880000,-0.0004108709638746767
1609364940000,-0.0005049861344349832
1609365000000,-0.002752015281995305
1609365060000,-0.00017446457720667361
1609365120000,0.0003930076608001265
1609365180000,0.000853938725070595
1609365240000,0.0028541032226642796
1609365300000,0.0029194081070181865
1609365360000,-0.0008882066256827926
1609365420000,0.0006056113801176957
1609365480000,-0.001028203256530012
1609365540000,-0.0025554115340253956
1609365600000,0.001088059595547965
1609365660000,-0.0013017011153164744
1609365720000,0.00021351684939226005
1609365780000,0.0007666279849725756
1609365840000,-0.001298844768784038
1609365900000,-0.00025832586310730145
1609365960000,0.0005119569485458684
1609366020000,-6.162550160739198e-05
1609366080000,-0.0009617616868664111
1609366140000,-0.0014917501982249356
1609366200000,0.001088655693709386
1609366260000,-0.003011660290353578
1609366320000,0.0002767506897386987
1609366380000,0.0039022754415651163
1609366440000,0.00019985333218647163
1609366500000,0.0015959355816031221
1609366560000,-0.0021071748052552603
1609366620000,-0.005522746929708577
1609366680000,-0.002647372886990721
1609366740000,-0.0029337291206750107
1609366800000,-0.002907670739488267
1609366860000,0.0011741047502308209
1609366920000,-0.0011129025798287016
1609366980000,0.0004304466673369993
1609367040000,-0.0010625642943267342
1609367100000,0.0022629154447346496
1609367160000,0.0020658801572108008
1609367220000,0.0028183716431489226
1609367280000,0.0014810279614137604
1609367340000,0.0034720456090878388
1609367400000,0.0004952200644534845
1609367460000,-0.004575699480752229
1609367520000,-0.0009117291420671775
1609367580000,-0.0037104509639755397
1609367640000,-0.0015403573208236045
1609367700000,0.00035973325074243045
1609367760000,-0.0028107483741586533
1609367820000,-0.001250616043438111
1609367880000,-0.0017329675996474094
1609367940000,-0.0004236610672034069
1609368000000,0.002039238190906281
1609368060000,0.0007302788411734817
1609368120000,-0.0005949851502360023
1609368180000,-0.0008294682980332993
1609368240000,-0.0021185077538057183
1609368300000,-0.0027474595354157237
1609368360000,0.001601329894303076
1609368420000,0.0007342657145427134
1609368480000,0.0022443811415746137
1609368540000,-0.00029039322628936063
1609368600000,0.0008932048433281022
1609368660000,-0.0002708476397383755
1609368720000,-0.003558032438632101
1609368780000,0.0017742182383664532
1609368840000,-0.0025250437240415735
1609368900000,0.0008263766395815911
1609368960000,0.0028740758527470455
1609369020000,0.002946139543606466
1609369080000,0.003523357271836969
1609369140000,0.003926720429957952
1609369200000,0.002220485530746295
1609369260000,-0.0015965685147982446
1609369320000,0.0021347315474404952
1609369380000,0.0005170826299763813
1609369440000,0.0015698642835323114
1609369500000,-0.0017459760134027624
1609369560000,-4.602411226189289e-05
1609369620000,0.0005630260418400494
1609369680000,-0.0007215419565322626
1609369740000,-0.0002088492893966272
1609369800000,-0.0015580103515600914
1609369860000,-0.0016634541904075413
1609369920000,-0.003232719199191568
1609369980000,-0.0009900861561586837
1609370040000,0.0012669355390219476
1609370100000,0.0044223864933818895
1609370160000,0.0022310839973150305
1609370220000,0.0006517563006878499
1609370280000,0.0032507023727202594
1609370340000,0.000455572568051715
1609370400000,0.0025864058356572725
1609370460000,0.002818932470443562
1609370520000,0.0014089205258227284
1609370580000,0.0009579969914825895
1609370640000,-9.37201149151878e-05
1609370700000,-8.651365329091574e-05
1609370760000,-0.0017425060991329265
1609370820000,0.0007902505197999567
1609370880000,6.579235925704337e-05
1609370940000,0.00022716410232610687
1609371000000,0.0007181590488112946
1609371060000,0.00022327164970847087
1609371120000,-0.0014780022522195915
1609371180000,-0.002505066651750705
1609371240000,-0.00043366057089440797
1609371300000,0.000863566475432083
1609371360000,0.0005357626162287786
1609371420000,0.00309717449433566
1609371480000,-0.0008505390931835084
1609371540000,0.0005022647440786857
1609371600000,-0.001257847467044917
1609371660000,-0.0017748161098307636
1609371720000,-0.0019421923272429649
1609371780000,-0.001666521333614335
1609371840000,-0.0025072307614868866
1609371900000,-0.0006509702097412936
1609371960000,0.001426362414065531
1609372020000,-0.001733621041741718
1609372080000,-0.0029408441748629615
1609372140000,-0.0029915173143210045
1609372200000,-0.0021231720130024286
1609372260000,-0.0026259482800830036
1609372320000,0.0009756489202891409
1609372380000,-0.0015824098115954544
1609372440000,-0.0017852205361669807
1609372500000,-0.0013021452582911094
1609372560000,0.0009855307094122508
1609372620000,0.001576483909986552
1609372680000,0.0018815944125053976
1609372740000,0.005080906372085911
1609372800000,-0.0003773877032128482
1609372860000,0.003091498012030672
1609372920000,0.009618254180789296
1609372980000,0.005521299851476687
1609373040000,0.009291257933190798
1609373100000,0.011928975172132372
1609373160000,0.001453533824830208
1609373220000,0.0019905494615807466
1609373280000,0.005153470607753663
1609373340000,0.0009150298749057616
1609373400000,0.0035836819308777373
1609373460000,0.0040698943507375945
1609373520000,0.0031900828412564095
1609373580000,0.0004554666852269626
1609373640000,0.0033143716231199905
1609373700000,0.0019835961290620187
1609373760000,-0.0003476492475037339
1609373820000,-0.002017541269945173
1609373880000,-0.0023711549269669627
1609373940000,-0.0017389996343496208
1609374000000,0.00048060664556305794
1609374060000,0.000285045978069429
1609374120000,-0.0003032709129684782
1609374180000,-0.0010380987141803673
1609374240000,-0.0021888379242433844
1609374300000,-0.0011637964458206939
1609374360000,-0.001517471833394863
1609374420000,-0.002454727727748942
1609374480000,0.0011594670189463568
1609374540000,-0.004618423907641977
1609374600000,-0.0008644375847959476
1609374660000,-0.00331388871659451
1609374720000,-0.003596940264093168
1609374780000,0.001496653928019977
1609374840000,-0.002826029382804966
1609374900000,0.0011123832458717624
1609374960000,0.002638608907937244
1609375020000,0.0023146703551239637
1609375080000,0.00390700079430446
1609375140000,0.0031682194232474543
1609375200000,0.002103407124137772
1609375260000,0.0025397787809733827
1609375320000,0.0012081552341240576
1609375380000,0.0022514547176494277
1609375440000,-0.0013421631300834414
1609375500000,0.0007312735310511978
1609375560000,0.001591933768679249
1609375620000,-0.001160863929473655
1609375680000,-0.0010634549892985252
1609375740000,0.0023647560281377105
1609375800000,0.00039544677915773094
1609375860000,-0.0023194928011288788
1609375920000,0.0010450963632318764
1609375980000,0.0023393570582343243
1609376040000,0.004248472113417847
1609376100000,0.0045855596080691015
1609376160000,0.004223656878676214
1609376220000,0.0023494891812820976
1609376280000,0.00045962249505114474
1609376340000,-0.0028671260885063644
1609376400000,-0.0019400804037533754
1609376460000,-0.003320000966582706
1609376520000,-0.0014122634908491799
1609376580000,-0.0001570661611228531
1609376640000,0.00026610656351027214
1609376700000,-0.002103346352022561
1609376760000,-0.0018758950502711681
1609376820000,-0.0018529582820868262
1609376880000,0.0027036478566875247
1609376940000,-0.005118632698109997
1609377000000,-0.0030981722329135888
1609377060000,0.00016325733589091072
1609377120000,-0.0014295445671895456
1609377180000,-0.000172160932304064
1609377240000,0.0033377142251111757
1609377300000,0.0017478770339148062
1609377360000,0.0017183594931051446
1609377420000,0.0034137302157154826
1609377480000,-0.002450439494064162
1609377540000,-0.00534666327401917
1609377600000,-0.003208453098348494
1609377660000,-0.003196543554350054
1609377720000,0.0001910792899699931
1609377780000,0.0023086361237511918
1609377840000,0.008578753628475119
1609377900000,0.007157405597079876
1609377960000,0.006434041048466648
1609378020000,0.004401970422565949
1609378080000,0.0005164686193044582
1609378140000,0.000960516498654156
1609378200000,-0.002340238118392094
1609378260000,0.00035437523815699996
1609378320000,0.000858535298387442
1609378380000,-0.0028938704879057954
1609378440000,-0.001262316375754523
1609378500000,-0.0002785008534597494
1609378560000,-0.0007869785816680463
1609378620000,-0.0038355260498340146
1609378680000,-0.00029254068268955293
1609378740000,-0.0014621045796963062
1609378800000,-0.0016968699811996904
1609378860000,-0.002777551550141333
1609378920000,0.0010705894385356564
1609378980000,0.0016019915740892844
1609379040000,-0.0008276402713894663
1609379100000,0.0018147451637570572
1609379160000,-0.0011423011091974738
1609379220000,-0.0032363943736144984
1609379280000,-0.0022221590119267435
1609379340000,-0.0007069855413321261
1609379400000,-7.021297414525197e-06
1609379460000,0.0021106987470852737
1609379520000,0.0005926192007876886
1609379580000,5.65245589881286e-05
1609379640000,0.0012190379016768255
1609379700000,-0.0016272485638972483
1609379760000,0.001345870926883112
1609379820000,0.002698799519684532
1609379880000,0.0013193216078520198
1609379940000,0.002026590518687139
1609380000000,0.0015319311183395932
1609380060000,-0.001094341989572138
1609380120000,-0.0025388351379151794
1609380180000,-0.0010316668270720986
1609380240000,-0.002619792588664977
1609380300000,0.0014681113784116237
1609380360000,0.0005446449108677247
1609380420000,-0.0013512466351002514
1609380480000,-0.00024091657221669724
1609380540000,-0.0016207851844336223
1609380600000,-0.0015427622442863245
1609380660000,-0.0017644437827754444
1609380720000,0.0005844744328040067
1609380780000,0.0002958079673749818
1609380840000,-0.0015954803819250606
1609380900000,-0.0005238018011522776
1609380960000,-0.0007581661085076113
1609381020000,-0.001083016700767124
1609381080000,-0.0018226794729311734
1609381140000,0.0005707938839778644
1609381200000,-0.0016097394406086494
1609381260000,0.0005139151418565309
1609381320000,0.0002465573052581393
1609381380000,0.00016532082489410392
1609381440000,0.00046379249746712097
1609381500000,-0.001344437287910911
1609381560000,0.0018965351448186468
1609381620000,-0.0005633786275202103
1609381680000,0.0014200189648849125
1609381740000,0.0017852812797268117
1609381800000,0.003627951796271207
1609381860000,4.1196509995629485e-05
1609381920000,0.0005119770857158199
1609381980000,2.0439688424836795e-05
1609382040000,-0.0017525871815064183
1609382100000,-0.001977900680543776
1609382160000,-0.0010147105223256355
1609382220000,0.0005734261300739935
1609382280000,-0.002836412820443902
1609382340000,7.48587748986812e-05
1609382400000,-0.0013266903182655903
1609382460000,-0.00048669692803001666
1609382520000,0.0008631908586080128
1609382580000,-0.0011870380728259881
1609382640000,0.0025069201987676943
1609382700000,-0.0013088564568508188
1609382760000,0.0019481001288819593
1609382820000,0.0005114806321477253
1609382880000,0.00101021727134222
1609382940000,0.0015735329843353403
1609383000000,0.0017429165441967117
1609383060000,-0.0010286541066308818
1609383120000,0.0006036524921218378
1609383180000,-0.00165405140991385
1609383240000,-0.0017462571904900033
1609383300000,-0.003241494497126399
1609383360000,0.003260624075521788
1609383420000,0.003794281682553759
1609383480000,-0.000121705391056698
1609383540000,0.004146162582154435
1609383600000,0.003976598067135159
1609383660000,0.0013194337718437797
1609383720000,0.0012834519768770583
1609383780000,0.002448502636475223
1609383840000,-0.0011714606977743865
1609383900000,-0.0010351406753081843
1609383960000,0.0013205089228207696
1609384020000,0.00025225504000047895
1609384080000,0.0007140011969547646
1609384140000,0.002530790826409491
1609384200000,0.0014201828557851865
1609384260000,-0.0006493027625849892
1609384320000,0.003116085626021964
1609384380000,0.0012043108468419758
1609384440000,0.002591998818496996
1609384500000,0.004512818359123401
1609384560000,0.0007815473295290444
1609384620000,-0.0008203613429421873
1609384680000,-0.003878737572417473
1609384740000,-0.006899643677648054
1609384800000,-0.005350182033896164
1609384860000,-0.0032015603912610106
1609384920000,-0.0015147262726892057
1609384980000,0.0007900880895105829
1609385040000,0.0006028116809091965
1609385100000,-0.0001482802613257864
1609385160000,0.0015270909449399304
1609385220000,0.002807179149030552
1609385280000,0.0021025697200274603
1609385340000,0.0039014932262429426
1609385400000,0.0025475516647847454
1609385460000,-0.0003918564515013799
1609385520000,0.001290529810739081
1609385580000,0.00028168683402267326
1609385640000,-0.0015723596048869584
1609385700000,-0.0002714763999843439
1609385760000,-0.000765928220972099
1609385820000,-0.0026054652770679627
1609385880000,-0.0015152182326850583
1609385940000,-0.002389233251835642
1609386000000,-0.0006763143708230787
1609386060000,-0.0017796524195673158
1609386120000,-0.0013046330960298986
1609386180000,0.0011263578050897608
1609386240000,0.0034469715023049863
1609386300000,0.004699943395193144
1609386360000,0.0073289345985214464
1609386420000,0.00696266324025573
1609386480000,0.004390514008165823
1609386540000,0.004810532477502054
1609386600000,0.0008862213875824992
1609386660000,7.151595172726684e-05
1609386720000,-0.002631267236612536
1609386780000,0.0003879217393240438
1609386840000,-0.0014416282245945586
1609386900000,-0.0007704480964142908
1609386960000,-0.0008179469227244232
1609387020000,-0.00011034491760633304
1609387080000,-0.000246831155994069
1609387140000,-0.0018893160000185221
1609387200000,0.0012955217853421127
1609387260000,0.00022339584638208365
1609387320000,-2.0270590408603213e-06
1609387380000,-0.0005345011284214559
1609387440000,-0.0007922878399165788
1609387500000,-0.001042663559645291
1609387560000,0.0005931840852064948
1609387620000,0.0008160746601260149
1609387680000,0.0009893198141396292
1609387740000,0.003971279648568095
1609387800000,0.003978455772854083
1609387860000,0.004649616601363181
1609387920000,0.0037917593504248528
1609387980000,-0.0006724253202657392
1609388040000,-0.0008253070814302126
1609388100000,-0.00177546206426123
1609388160000,-0.0021415740539314893
1609388220000,0.0028077244820594693
1609388280000,0.0038019086393455874
1609388340000,0.004751329145624204
1609388400000,0.0044238239991664045
1609388460000,0.0024588567302734517
1609388520000,0.001447976649466432
1609388580000,-0.0010809994632291495
1609388640000,-0.003933382059064879
1609388700000,-0.0017708788267456576
1609388760000,-0.0020631852693546965
1609388820000,-0.005954766429002189
1609388880000,-0.0011440724525967375
1609388940000,-0.003714426680306203
1609389000000,-0.003383869859230665
1609389060000,0.0007711970743431514
1609389120000,-0.004233765718373905
1609389180000,-0.0009976160998123628
1609389240000,-0.0010630274892476524
1609389300000,-0.001855766619512965
1609389360000,-0.001333202874968691
1609389420000,0.0005318962321891845
1609389480000,-0.0015960510084738072
1609389540000,0.00203151598362302
1609389600000,0.0020784312361997103
1609389660000,0.0011686278947131538
1609389720000,0.001703483692217322
1609389780000,0.00034707606889599317
1609389840000,0.0012995167874185211
1609389900000,-0.00022612902673926693
1609389960000,2.05455346407439e-05
1609390020000,-0.0015852433807078032
1609390080000,-0.0017244804610280153
1609390140000,-0.0013364287777992434
1609390200000,-0.0023308704019551403
1609390260000,6.617544530903621e-05
1609390320000,-0.0015821742627422503
1609390380000,0.0005592192891060853
1609390440000,0.0024034489060996925
1609390500000,0.0012259093393682861
1609390560000,0.005028138846853411
1609390620000,0.004968548605344422
1609390680000,-0.001218656088044026
1609390740000,0.0029320567808133074
1609390800000,-0.0011506462467733634
1609390860000,-0.0033984950300103125
1609390920000,-0.002255163370236877
1609390980000,-0.0012278489867787014
1609391040000,-0.0012960982107555548
1609391100000,-0.0003158385086397564
1609391160000,0.0007291578582746731
1609391220000,-0.00014397347631608769
1609391280000,-0.001623540765396896
1609391340000,-0.0011049991105058332
1609391400000,-0.002603172487268396
1609391460000,-0.0020875817604459304
1609391520000,-0.0030499617834848333
1609391580000,-0.0036507457469682814
1609391640000,-0.0006739182797522905
1609391700000,0.0038496585265060407
1609391760000,0.00479656225659336
1609391820000,0.0031997012780951117
1609391880000,0.004918858542740312
1609391940000,0.00029540324075565984
1609392000000,-0.000581452516958251
1609392060000,-0.0018130023476253308
1609392120000,-0.0033535511714462107
1609392180000,-0.0006245838491636055
1609392240000,-0.0009840179125495398
1609392300000,-0.0002920505004399945
1609392360000,-0.0005647634499783848
1609392420000,0.0007772373828190521
1609392480000,-0.0013162072679519952
1609392540000,-0.0026414326000371367
1609392600000,7.104484970644665e-05
1609392660000,-0.0021477355484000784
1609392720000,-0.004322333966777498
1609392780000,-0.0006966394701710535
1609392840000,-0.0005236904540162455
1609392900000,0.0011172704116250065
1609392960000,0.003916023384068236
1609393020000,0.004571738205461278
1609393080000,0.0016136146245170923
1609393140000,-0.00033046231848879253
1609393200000,0.00048145487785775093
1609393260000,-0.0008449404972655267
1609393320000,0.0028197433469275726
1609393380000,0.0031854936453051355
1609393440000,0.0008950264028342186
1609393500000,0.0023144476453726705
1609393560000,0.0018873888377389004
1609393620000,-0.0006109187535664454
1609393680000,0.002382960149260176
1609393740000,1.9235314150116133e-05
1609393800000,0.0024220791956731744
1609393860000,-0.0010194874830040822
1609393920000,0.0005360263594485179
1609393980000,0.0005130854559876516
1609394040000,-0.002155344781963549
1609394100000,-0.0004555170031399114
1609394160000,-0.0008947468255554893
1609394220000,-0.0012575954871998619
1609394280000,-0.00020487386064560047
1609394340000,0.0016141045084639004
1609394400000,0.0012889295990875247
1609394460000,0.0009421845859379813
1609394520000,-0.0008471100789545803
1609394580000,-0.003934832232307074
1609394640000,-0.004581959604635645
1609394700000,-0.0024743813076685624
1609394760000,-0.0035446431040342314
1609394820000,0.00019346434018913095
1609394880000,-0.0021186593577514116
1609394940000,-0.0018725627777687202
1609395000000,0.00028089341557179724
1609395060000,-0.0010979015202986356
1609395120000,0.0018512041579173534
1609395180000,0.0036607548983548207
1609395240000,0.0022166685431965665
1609395300000,0.004965549314075196
1609395360000,0.0036125712409496202
1609395420000,0.002207736807148961
1609395480000,0.0023011388016670738
1609395540000,-0.002332846650042994
1609395600000,-0.00335884579901518
1609395660000,-0.003043168503678794
1609395720000,-0.006179525896951359
1609395780000,-0.0034765467102244483
1609395840000,-0.00409369428596667
1609395900000,-0.0030704400375084003
1609395960000,9.829330507022412e-05
1609396020000,0.0002402747108688349
1609396080000,0.0006470210707574896
1609396140000,-0.0008575165459829039
1609396200000,0.0007757956334581284
1609396260000,0.001670272045607461
1609396320000,0.0013166364538521123
1609396380000,0.003251015497593526
1609396440000,0.000766355880938859
1609396500000,-0.001105192495530724
1609396560000,0.0005165413469808332
1609396620000,-0.0007909564736351721
1609396680000,-0.00046108661146326737
1609396740000,-0.0007583299144066214
1609396800000,-0.000846967774831178
1609396860000,0.0003098323390112663
1609396920000,-0.0002759724853565924
1609396980000,-0.0008156374100418689
1609397040000,0.0015800907267504664
1609397100000,-0.0013328816093961758
1609397160000,-0.0025621796132782124
1609397220000,-0.0012284526267961325
1609397280000,-0.002047451976068167
1609397340000,-0.0009788795869990318
1609397400000,0.0016599385729830546
1609397460000,0.001289368439070377
1609397520000,0.001023201932146992
1609397580000,-0.0005595446825847196
1609397640000,-0.0008201242843343102
1609397700000,-0.0010474863835375672
1609397760000,-0.001299573334664825
1609397820000,-0.0017701553265983474
1609397880000,-0.000980618805646418
1609397940000,-0.002839915476217365
1609398000000,0.0008966147837363615
1609398060000,-0.0007607536618628506
1609398120000,-2.8918898278011094e-05
1609398180000,-0.0007730745814768908
1609398240000,0.0015968033972727765
1609398300000,-0.002041202335925939
1609398360000,-0.0010502485230921997
1609398420000,-0.0002971817670457679
1609398480000,-0.001319082880874108
1609398540000,-0.00199275168816243
1609398600000,0.00029468426889823866
1609398660000,0.0013479150118809455
1609398720000,0.001013184514321467
1609398780000,0.00023186393739437898
1609398840000,0.00023719214185569234
1609398900000,-0.0008089889543689751
1609398960000,-0.0023647762201175673
1609399020000,0.0019711754969693254
1609399080000,0.001126602292045313
1609399140000,-0.0004884871038151991
1609399200000,0.0023527549846919468
1609399260000,-0.0011526190940535374
1609399320000,-0.002511793822166075
1609399380000,0.0003552449330464375
1609399440000,-0.0007670964921139072
1609399500000,-0.0030484465313185215
1609399560000,-0.0026991198814776125
1609399620000,-0.0043900260306249765
1609399680000,-0.005635473902037539
1609399740000,-0.001900395045874939
1609399800000,0.0035550440937855265
1609399860000,0.003147680284337151
1609399920000,-0.0005663177058570922
1609399980000,0.0046908080667251535
1609400040000,-0.0024320446358841075
1609400100000,-0.002009618362568405
1609400160000,0.0016506178253306025
1609400220000,-0.000266187552883382
1609400280000,0.0024688056942036435
1609400340000,0.0023081890846170373
1609400400000,-0.00040261220901927487
1609400460000,-0.00011735948715354119
1609400520000,-0.0008603817458026379
1609400580000,-0.0010758942962742725
1609400640000,0.0013564836799437043
1609400700000,-0.0005423368192316538
1609400760000,-0.001821840119286935
1609400820000,-0.0026639185255205805
1609400880000,-0.0027924638911576353
1609400940000,-0.0038507515211497097
1609401000000,-0.0008770857844559883
1609401060000,-0.003099067448378453
1609401120000,-0.0006398185206124947
1609401180000,-0.0017640996863452815
1609401240000,-0.001826104872933843
1609401300000,0.0011731497418738322
1609401360000,-0.001357135401933889
1609401420000,-0.0030644135429532225
1609401480000,-0.0020444837799783403
1609401540000,-0.004571898562108199
1609401600000,0.002899249145958585
1609401660000,-0.004761638942626132
1609401720000,-0.0020931747571035575
1609401780000,-0.0014548010129531977
1609401840000,-0.0022997393641069125
1609401900000,-0.00018232706284419407
1609401960000,0.0008629051216202943
1609402020000,0.003903104409529779
1609402080000,0.0020035064070839767
1609402140000,0.003783731324031371
1609402200000,0.004784236281569745
1609402260000,0.0011200748115734653
1609402320000,0.0007110550779604691
1609402380000,0.0001259758664019419
1609402440000,-0.0011103947744180243
1609402500000,-0.00021063673586669136
1609402560000,-0.0016773570656176031
1609402620000,-0.0010466364683128226
1609402680000,-0.00256424256409021
1609402740000,-0.005131722935403049
1609402800000,-0.00177921853259347
1609402860000,-0.0020083128904284445
1609402920000,-0.0027925330420837495
1609402980000,-0.00019903070171184623
1609403040000,0.001014406245272704
1609403100000,-0.0013681641743858433
1609403160000,-0.0020230011279026208
1609403220000,-0.0012843948437961657
1609403280000,-0.0035742394264559837
1609403340000,-0.0009627275519698558
1609403400000,0.001362403445192316
1609403460000,0.0010080508324338284
1609403520000,0.0015462273533938052
1609403580000,0.0011751117475492891
1609403640000,0.0030887337445046317
1609403700000,0.0020254160733926534
1609403760000,0.0019502757431609362
1609403820000,0.004934057445371179
1609403880000,0.0007392572725859702
1609403940000,-0.00021580071685462415
1609404000000,0.0031217869797108087
1609404060000,0.00022017142452732054
1609404120000,0.00218267429886395
1609404180000,0.0025894494113345994
1609404240000,0.0013059271320113044
1609404300000,0.0010054816889109174
1609404360000,0.0004448056014461182
1609404420000,-0.0012585307794054563
1609404480000,-0.0025365876409604105
1609404540000,-0.001971954645639107
1609404600000,-0.00043627607189498983
1609404660000,-0.003282648503576002
1609404720000,7.735044081332108e-05
1609404780000,0.0018622035532366837
1609404840000,-0.0010802647644829286
1609404900000,-0.0022859871977847644
1609404960000,-0.002030607924151901
1609405020000,-0.003111940077967622
1609405080000,0.0009558457708668448
1609405140000,0.0034839043611356265
1609405200000,-0.0013565270843033045
1609405260000,0.0012762597493014595
1609405320000,-0.0008217881780985615
1609405380000,-0.0018518550564214434
1609405440000,-0.0011458636926592282
1609405500000,-0.0020729113624953096
1609405560000,-0.000690436072009215
1609405620000,-0.000946361427067272
1609405680000,-0.001463574215574454
1609405740000,0.0012283342512097379
1609405800000,-0.0013647144639729273
1609405860000,-0.001258196537695285
1609405920000,0.0010718260309961558
1609405980000,0.00027122160192620185
1609406040000,0.0008848556319793418
1609406100000,0.0026353828785406932
1609406160000,-0.0018571410512972716
1609406220000,0.0021306602622839198
1609406280000,-0.000552864158024685
1609406340000,-0.0011214251879265974
1609406400000,0.0018743594789521222
1609406460000,0.0002457218364847029
1609406520000,0.0006299808629206856
1609406580000,0.00102421340974151
1609406640000,0.00023345728834940047
1609406700000,0.0015997783783060562
1609406760000,-0.0015751849345467762
1609406820000,0.001922231717575121
1609406880000,0.0010704999997689319
1609406940000,-0.0013830793219034084
1609407000000,0.0004892608896011372
1609407060000,-0.0021123338630579984
1609407120000,-0.0007087033424447851
1609407180000,-0.0003211762804148536
1609407240000,-0.0003536318434861893
1609407300000,0.0004650644795894059
1609407360000,-0.0003284675989544963
1609407420000,-0.0003742565897785627
1609407480000,0.0031428193411309263
1609407540000,0.000430053306889642
1609407600000,0.00413381665692403
1609407660000,0.0032841886118101706
1609407720000,0.0027732943320165674
1609407780000,0.004149951180446479
1609407840000,0.0008294690211010416
1609407900000,0.0009231892544093032
1609407960000,0.00013112270002177165
1609408020000,-0.0008162342856664636
1609408080000,0.001389607677411556
1609408140000,0.0012386845648312973
1609408200000,0.0008843258219686794
1609408260000,-0.0006281307308729405
1609408320000,-0.0008653585443790649
1609408380000,0.0005310448722407344
1609408440000,1.4401816997715652e-05
1609408500000,-0.0005110479196332513
1609408560000,-5.788558487690722e-05
1609408620000,0.0005831832579974461
1609408680000,-0.0015663094125489979
1609408740000,0.001121957752501797
1609408800000,0.0010112704615315863
1609408860000,0.00046898601176322935
1609408920000,0.0023747090399735926
1609408980000,0.004715694391529751
1609409040000,0.0030604775157881494
1609409100000,0.001454690551160042
1609409160000,0.002588098615557785
1609409220000,0.0004949885393814372
1609409280000,-0.0028704937621823333
1609409340000,-0.0012587654557657316
1609409400000,-0.00485932383099333
1609409460000,-0.004236071027819874
1609409520000,-0.00273722495329163
1609409580000,-0.0050481202977062795
1609409640000,-0.00243703007429821
1609409700000,-0.0035081692609868235
1609409760000,-0.0012665910138310993
1609409820000,0.001177365553296885
1609409880000,0.0027959720263815283
1609409940000,0.002819589696339103
1609410000000,0.0005945403234342971
1609410060000,-0.0028994288106855616
1609410120000,-0.004082214786796304
1609410180000,-0.005501187398835339
1609410240000,-0.0010844270428228002
1609410300000,-0.0037753076517993596
1609410360000,-0.001507649779486646
1609410420000,-0.000398008321938827
1609410480000,-0.00011865304091592575
1609410540000,-0.0010493400531593076
1609410600000,0.0029375288182879058
1609410660000,0.0007436689182863875
1609410720000,-0.0010447859557993274
1609410780000,-0.0017817388148741085
1609410840000,0.0002741642714754979
1609410900000,-0.001441798484556286
1609410960000,-0.0031710086592933793
1609411020000,-0.0013633129535948428
1609411080000,-0.004030566242764506
1609411140000,-0.0018466728246265926
1609411200000,0.0011728732274404409
1609411260000,0.0026227301523173044
1609411320000,0.0014863972082545544
1609411380000,-0.00031344627378534
1609411440000,0.00045505413419438584
1609411500000,-0.0007921191304886856
1609411560000,-2.4863019411466028e-05
1609411620000,-0.0007401180433650797
1609411680000,-0.0007178705178213929
1609411740000,-0.00403279884444744
1609411800000,-0.00013398355982552953
1609411860000,-0.006030407474902562
1609411920000,-0.0008134986697670917
1609411980000,-0.0015849622722383665
1609412040000,-0.0024955869532821964
1609412100000,0.0003413277177903335
1609412160000,-0.0005579915988376374
1609412220000,-0.001567405486917271
1609412280000,-0.0010081416887909407
1609412340000,-0.004002075563103255
1609412400000,-0.004715166110267377
1609412460000,0.003065171201348534
1609412520000,0.004032564752994428
1609412580000,0.0047577483212266946
1609412640000,0.00544179592976404
1609412700000,0.001458012120429871
1609412760000,-0.000588640144410522
1609412820000,-0.0010904879961697279
1609412880000,0.00027341889731027165
1609412940000,-0.0007305643205938068
1609413000000,6.131609936812414e-05
1609413060000,3.399215739198898e-07
1609413120000,-0.0008078186925989223
1609413180000,-2.6355214875700675e-05
1609413240000,-1.0008081140624598e-05
1609413300000,-3.0822765858351317e-05
1609413360000,-3.105057994242055e-05
1609413420000,0.0032002056002131654
1609413480000,0.00020631016266296157
1609413540000,-0.000838958033294362
1609413600000,-0.0018135285858891196
1609413660000,-0.0007205461061240119
1609413720000,-0.002516832353286187
1609413780000,0.0015847122860622438
1609413840000,0.0016236143943143524
1609413900000,-0.0002709844714276067
1609413960000,0.001039737825085376
1609414020000,-0.0018668296405715222
1609414080000,-0.0035653439404677197
1609414140000,-0.0006989219391974846
1609414200000,0.0006167926320234206
1609414260000,0.0024172803736457935
1609414320000,0.0012340837769401747
1609414380000,0.0008407456639820269
1609414440000,9.14980893915827e-05
1609414500000,0.0021477188133264117
1609414560000,0.00027326251585379775
1609414620000,0.002531626467372619
1609414680000,0.002087447493832673
1609414740000,-0.0009008002921236405
1609414800000,-0.0002853763193531641
1609414860000,-0.0008878517585309414
1609414920000,-0.0010069163062939148
1609414980000,-0.0017491320491714812
1609415040000,-0.0024835433260215595
1609415100000,-0.0003887875543270135
1609415160000,0.0024522441493398574
1609415220000,0.000244883322600387
1609415280000,0.0014597974339945737
1609415340000,0.0025336381471535926
1609415400000,0.0004890801628198925
1609415460000,-0.0007076096786142104
1609415520000,0.0031081088512152394
1609415580000,-7.989687871980152e-05
1609415640000,0.0029413474681425703
1609415700000,0.0031044427284755297
1609415760000,0.0016973392986412165
1609415820000,-0.0010306731828643749
1609415880000,-0.0015727809931419283
1609415940000,-0.00037330873880500896
1609416000000,-0.004050299942141681
1609416060000,-0.0016436058425255795
1609416120000,-0.0012329677675152566
1609416180000,-0.004583757618023961
1609416240000,-0.002404834786289636
1609416300000,-0.0017084328038166447
1609416360000,0.0012020438358382286
1609416420000,0.0019314653584408072
1609416480000,0.0007609720815330731
1609416540000,0.001228420826403491
1609416600000,-0.0021025905398420254
1609416660000,-0.003770293440324617
1609416720000,-0.0022145780717244467
1609416780000,-0.00039748168509167353
1609416840000,-0.00024483585046045114
1609416900000,0.0008127077224806634
1609416960000,-0.0003709480950828632
1609417020000,0.0005132070003133716
1609417080000,-3.690737824320846e-07
1609417140000,0.0013128643005063524
1609417200000,0.0036189198921459764
1609417260000,-0.0005736630313676116
1609417320000,-1.4570761408274291e-05
1609417380000,0.000762375039107167
1609417440000,-0.0005639281509856335
1609417500000,0.0005133489328663868
1609417560000,0.0009129202049701432
1609417620000,0.0015611643319942056
1609417680000,0.0025720508724585843
1609417740000,0.0022963944363650116
1609417800000,0.0035545863190954274
1609417860000,0.0025454218011067343
1609417920000,-0.001570940544387348
1609417980000,-0.0012367476579622817
1609418040000,-0.00019190437111618868
1609418100000,-0.002524696811984712
1609418160000,0.0009095514395420924
1609418220000,0.0009970699341044058
1609418280000,0.00015617882197604813
1609418340000,0.0009962928828828345
1609418400000,9.383068074759424e-05
1609418460000,0.0015254196998322094
1609418520000,0.00128887102863094
1609418580000,-0.0002714917297087081
1609418640000,-0.0015083443726816757
1609418700000,0.0011658518005581175
1609418760000,-0.0013448773237507224
1609418820000,-0.0019889874106903314
1609418880000,0.004493003441361134
1609418940000,0.0016534484112194128
1609419000000,0.0017524912994597184
1609419060000,0.005648807996308317
1609419120000,0.003988637251909181
1609419180000,0.005919331434810917
1609419240000,0.005123384821669043
1609419300000,0.0020613923211533812
1609419360000,0.005902539716187409
1609419420000,-0.0021742873811675984
1609419480000,0.0021397256334051993
1609419540000,0.0017619426545238714
1609419600000,-0.00040141338484365444
1609419660000,-4.169904587136989e-05
1609419720000,0.0009470838730242405
1609419780000,-0.001292020608351928
1609419840000,0.0005795805377342615
1609419900000,-0.0007574353884722604
1609419960000,0.007308949785973792
1609420020000,0.0018384786527532928
1609420080000,-0.0010821243828787674
1609420140000,0.0009792194810181237
1609420200000,-0.004112978976035908
1609420260000,-0.006270452446186472
1609420320000,-0.0052430970224732745
1609420380000,-0.00261349293537629
1609420440000,-0.0021317911140702043
1609420500000,-0.0004875453446946036
1609420560000,-0.002427150267042694
1609420620000,-0.0020571607586687096
1609420680000,-0.00021522248536595792
1609420740000,0.0005826012768989956
1609420800000,-0.0013068374062122576
1609420860000,0.003398322415856776
1609420920000,-0.00022515563642531706
1609420980000,-0.002336493279065569
1609421040000,-0.0005189810797794314
1609421100000,-0.0016037265944429013
1609421160000,0.00035015046694170777
1609421220000,0.0008177967412647068
1609421280000,0.0025279858072693837
1609421340000,0.003547975136263456
1609421400000,0.0008653966696982644
1609421460000,0.0025707309823386052
1609421520000,-0.0018782922197477946
1609421580000,-0.0017566284967769725
1609421640000,-0.002746535132108971
1609421700000,-0.0043330062718847
1609421760000,0.0005986463101358619
1609421820000,0.0014360083028800673
1609421880000,0.0017507697569516905
1609421940000,0.0014612464908967818
1609422000000,-0.0011794238197001562
1609422060000,-0.000457590120376992
1609422120000,0.0003407530892377736
1609422180000,-0.000769001450979083
1609422240000,0.0005850829431398199
1609422300000,0.0018938970965494744
1609422360000,0.0017106200492257703
1609422420000,0.00021680936446071203
1609422480000,-0.0005804416665823235
1609422540000,-0.0008579568765459432
1609422600000,-0.0017845743589794743
1609422660000,-0.0025046089419464516
1609422720000,0.00026529494320386745
1609422780000,-0.0003091971794577186
1609422840000,-2.850076703481991e-05
1609422900000,0.0007967487214680307
1609422960000,-0.0011635525978202453
1609423020000,0.0002155260443505957
1609423080000,3.0401464312371865e-05
1609423140000,0.0015561741758293136
1609423200000,0.00018720652209371145
1609423260000,-3.955818606915839e-05
1609423320000,-0.0015670409565935832
1609423380000,-0.00048736697676701887
1609423440000,0.0010506658847082562
1609423500000,0.0007310589801471217
1609423560000,0.0018194959967730803
1609423620000,0.0011848115180786208
1609423680000,-9.534650183996657e-05
1609423740000,-6.71995237553734e-05
1609423800000,0.0015632849040782219
1609423860000,-0.0005508358212235918
1609423920000,0.001508064553244902
1609423980000,-0.0005998868625100976
1609424040000,-0.0008690220298962404
1609424100000,0.0011287745509177265
1609424160000,0.0004848814673490228
1609424220000,0.0008094769249608546
1609424280000,-0.0005570371927220638
1609424340000,0.00046620422386098553
1609424400000,0.0012594804295344747
1609424460000,0.004211137556585351
1609424520000,0.003831058347952458
1609424580000,0.0032442046039594546
1609424640000,0.002192620202837208
1609424700000,-0.002457752010133161
1609424760000,-0.003530828714172308
1609424820000,-0.0014886103484141036
1609424880000,-2.8970786330299975e-05
1609424940000,-0.002335216635535779
1609425000000,-0.0005069386631134416
1609425060000,-0.0023995651259238284
1609425120000,-0.004631136881489829
1609425180000,-0.001060887480861435
1609425240000,-0.001028258459876559
1609425300000,-0.001764358960717632
1609425360000,0.0011538814641211727
1609425420000,-0.0010226302751574613
1609425480000,-0.001115984227419011
1609425540000,-0.0002542201567389205
1609425600000,-0.0011603515838377752
1609425660000,0.001342104262491548
1609425720000,0.0007463417397330558
1609425780000,0.0009541605418827483
1609425840000,0.0008914221618838404
1609425900000,-0.00013684780708306574
1609425960000,0.0031470680710156953
1609426020000,0.0038689207867196066
1609426080000,0.001659497980787006
1609426140000,0.00040546456836871144
1609426200000,-0.0008811374849325063
1609426260000,-0.003338735008248306
1609426320000,-0.002491915480864761
1609426380000,0.0003542364879917981
1609426440000,-0.0015889717943643696
1609426500000,-0.00014547002152130354
1609426560000,-0.00010889623017453213
1609426620000,-0.001182096976685451
1609426680000,-0.0005867666171891357
1609426740000,0.0010844229375919334
1609426800000,0.0023377363565222926
1609426860000,0.003561250956062496
1609426920000,0.0012101948347809695
1609426980000,0.0008705064258243731
1609427040000,0.004996539868865473
1609427100000,0.0010703008659131818
1609427160000,0.0020556554399645804
1609427220000,0.0019917767159386597
1609427280000,0.0009502207697485915
1609427340000,-0.0008184450515739243
1609427400000,0.001270510495648862
1609427460000,0.0009306727577553122
1609427520000,-0.001394784091217249
1609427580000,0.0010320912258642739
1609427640000,0.00013783161875086786
1609427700000,0.001566102450263389
1609427760000,0.00022931960532418386
1609427820000,0.00021971316285020415
1609427880000,-0.0003095691933564836
1609427940000,0.0008150940707854811
1609428000000,-0.0005628376111038114
1609428060000,-6.751893452892839e-05
1609428120000,-8.091710906266683e-06
1609428180000,0.0007377911256285376
1609428240000,0.0005284941668941498
1609428300000,0.0008993367606358503
1609428360000,0.0009761371081268795
1609428420000,0.00013247891741422038
1609428480000,-2.500376413804584e-05
1609428540000,-0.001575810221268702
1609428600000,-0.0010038778320048153
1609428660000,-0.0012939539026030902
1609428720000,0.0003727250319553209
1609428780000,-0.0007783920945419037
1609428840000,-0.0015343971843734547
1609428900000,0.00035656988433656637
1609428960000,-0.0008298035895139682
1609429020000,0.0013515785725555472
1609429080000,0.003186085611589743
1609429140000,0.0019400457077736516
1609429200000,0.0035964754737282676
1609429260000,0.0024732916311948905
1609429320000,0.0011823573093054465
1609429380000,0.0009751837510298881
1609429440000,0.00022297407816124155
1609429500000,-0.0015610527775007173
1609429560000,-0.002822969864308082
1609429620000,-0.0004522095728107927
1609429680000,-0.0010261191717184032
1609429740000,-3.677617253433812e-05
1609429800000,0.00046424142050330053
1609429860000,0.0001113977743592231
1609429920000,0.0015740215436775564
1609429980000,0.002559192246894234
1609430040000,0.0018022318929688751
1609430100000,0.001994805679532694
1609430160000,-0.0003274518114394858
1609430220000,0.0007942495485839035
1609430280000,-4.58187156827117e-05
1609430340000,-3.644563073573909e-05
1609430400000,0.00403587056468247
1609430460000,-0.0005725815949993385
1609430520000,8.5911332983775e-05
1609430580000,-0.00286763560453876
1609430640000,-0.0022393167404244304
1609430700000,-0.0029537208918840553
1609430760000,-0.0035630740026461097
1609430820000,-0.0032654733410038632
1609430880000,-0.002816296716827871
1609430940000,0.0009656962691145189
1609431000000,0.0013372203604501579
1609431060000,0.006692528540213458
1609431120000,0.006804444934269209
1609431180000,0.00035374248600804413
1609431240000,0.0010335591714927808
1609431300000,-0.0029489118980484024
1609431360000,-0.005370157947113574
1609431420000,-0.0027533504400871957
1609431480000,-0.0006548452791721724
1609431540000,0.001380004803875154
1609431600000,-0.0010413165066343489
1609431660000,-0.0030173961386238974
1609431720000,-0.008966329401220339
1609431780000,-0.009554311460901263
1609431840000,-0.0044340523203096095
1609431900000,0.001152184229256639
1609431960000,0.0032274879523643252
1609432020000,0.004995539528792246
1609432080000,0.0033990262140667655
1609432140000,-0.005322488707621575
1609432200000,-0.0054530163040484286
1609432260000,-0.007671491342874474
1609432320000,-0.006944855557506138
1609432380000,-0.0022399831759327467
1609432440000,0.0032914795487026596
1609432500000,0.0039058221480686643
1609432560000,0.003926167866647719
1609432620000,0.0031516286555667455
1609432680000,-0.0025208058968263663
1609432740000,-0.0035129999177987707
1609432800000,-4.0203178450920485e-05
1609432860000,-0.000623319667044444
1609432920000,-0.0007470549247274028
1609432980000,0.0021357071023696034
1609433040000,-0.0012161244733099985
1609433100000,0.0018205611523090318
1609433160000,0.0005064813508094542
1609433220000,0.00012225084762721838
1609433280000,-0.0010152503151365365
1609433340000,-0.0016351574058572722
1609433400000,-0.002769431172498891
1609433460000,-0.0006997359247495696
1609433520000,-0.0017858518011646853
1609433580000,0.0017999522506010359
1609433640000,0.0019075147484698524
1609433700000,0.0008748101855814418
1609433760000,0.0017984971668974653
1609433820000,-0.0010710597166225294
1609433880000,-0.002524706049160651
1609433940000,-0.0020956978059705604
1609434000000,0.0009174718903125077
1609434060000,0.00110966754549044
1609434120000,0.0018288335837484736
1609434180000,0.0019486036887516234
1609434240000,0.0038486415761349708
1609434300000,0.0007398331853298173
1609434360000,-0.001814258643783989
1609434420000,-0.0008975209261814796
1609434480000,-0.0008951545835492125
1609434540000,0.0004797732709797397
1609434600000,-0.001244379108235588
1609434660000,0.0016301402026132807
1609434720000,-0.0013712347527697914
1609434780000,-0.00015834377386910722
1609434840000,0.0005447427822122583
1609434900000,0.0004367294386102251
1609434960000,-0.000747437760604976
1609435020000,0.0008027216398845098
1609435080000,0.0003502369225136096
1609435140000,-0.0012966664392845466
1609435200000,0.0013554290687790556
1609435260000,-0.0011722319507727205
1609435320000,0.0005238078394050118
1609435380000,0.0004724290205917655
1609435440000,0.0015111164453941583
1609435500000,0.00022969534518267745
1609435560000,0.001512652691573907
1609435620000,-0.000326341358004986
1609435680000,-0.005398023088532183
1609435740000,-0.006425171764849554
1609435800000,-0.00873274400933069
1609435860000,-0.008697541363419863
1609435920000,-0.00395876774711389
1609435980000,-0.0009203176508502425
1609436040000,0.00017040034145236548
1609436100000,0.004557053348009963
1609436160000,0.001579480026939644
1609436220000,-0.0004535055224900357
1609436280000,-0.00273181124369712
1609436340000,-0.0065844106675368675
1609436400000,-0.000730370319276026
1609436460000,0.002324251669200724
1609436520000,0.0012889505961820068
1609436580000,0.007642926599721792
1609436640000,0.003106062324632652
1609436700000,-0.0016968691245286543
1609436760000,-0.0005069403528464855
1609436820000,-0.003669818471524118
1609436880000,-0.003423341944184474
1609436940000,0.0015141313818835067
1609437000000,0.0026849451006185827
1609437060000,0.0012545228404529044
1609437120000,0.0007068882328589261
1609437180000,-0.0005699401820349406
1609437240000,-0.0015579985137999363
1609437300000,-0.001222000533551947
1609437360000,2.0091579727322765e-05
1609437420000,-2.5524059189731846e-05
1609437480000,-0.0002763494513632694
1609437540000,0.001273048833200356
1609437600000,-0.0004927577125900868
1609437660000,3.669520306010026e-05
1609437720000,-0.0012808986043521924
1609437780000,-0.0017730332278239535
1609437840000,-0.002483402281019611
1609437900000,-0.0022363413129601177
1609437960000,0.000331362955949713
1609438020000,-5.1495093230318736e-05
1609438080000,0.0019881818094993056
1609438140000,0.0035244654666835
1609438200000,0.0006271276847588953
1609438260000,0.002241179239909159
1609438320000,0.0009470677885615067
1609438380000,0.0020399743010593744
1609438440000,0.0023265268843760075
1609438500000,-6.151675199783753e-05
1609438560000,-6.380187399960807e-05
1609438620000,0.0007764405352084534
1609438680000,-0.0015431928782666854
1609438740000,-0.000514745041035972
1609438800000,0.0012316522350370224
1609438860000,0.004965892240643987
1609438920000,0.0056761096769131604
1609438980000,0.00501328595824579
1609439040000,0.0042167862459580535
1609439100000,0.0015429843652036417
1609439160000,0.00012129724461128503
1609439220000,0.0015560794661426591
1609439280000,-0.0005413665601493189
1609439340000,-0.00025754647927744997
1609439400000,4.82930653959799e-05
1609439460000,-0.000801474257910986
1609439520000,-0.0003081096578860677
1609439580000,-0.000171575349155832
1609439640000,0.0010071121739093781
1609439700000,-0.000562621802264469
1609439760000,-0.0015926701008048768
1609439820000,0.00031986996045004694
1609439880000,-0.001051605959317757
1609439940000,-0.0017713523496880777
1609440000000,0.0007898641060896371
1609440060000,-0.0013367197242983157
1609440120000,0.00028511127815829154
1609440180000,0.001056892976864494
1609440240000,0.0018200206456088957
1609440300000,0.0033848278307463207
1609440360000,0.0022926830679547362
1609440420000,0.0020184137616316533
1609440480000,0.0027696532453589857
1609440540000,0.001231285464037582
1609440600000,0.0010149998725262836
1609440660000,0.0026554046342924433
1609440720000,0.001505556809077806
1609440780000,-0.00022675146619930455
1609440840000,-0.001274490483515637
1609440900000,0.0010834560263749667
1609440960000,4.1336484887872095e-05
1609441020000,0.0010337913969177576
1609441080000,0.0017477678214933704
1609441140000,0.0003948603943549499
1609441200000,0.001659597354044651
1609441260000,-0.003376724088503135
1609441320000,-0.0035082962963165704
1609441380000,-0.003003463740448282
1609441440000,-0.005320586157537491
1609441500000,-0.0013512520978959223
1609441560000,0.001369401296618036
1609441620000,-0.0005854156891605565
1609441680000,0.002028164701052233
1609441740000,0.0027910331852142177
1609441800000,-0.0003970839024596478
1609441860000,0.0023538113600778646
1609441920000,0.0012313061300074303
1609441980000,-0.0013423814338417099
1609442040000,-0.0004753329365253259
1609442100000,-0.0020770207928824352
1609442160000,-0.002029889700063882
1609442220000,0.0016934701544048028
1609442280000,0.0011160066723678362
1609442340000,0.0017230314840583657
1609442400000,0.003582232568349744
1609442460000,0.0013648529323121983
1609442520000,0.0006847090125060495
1609442580000,0.0007865206626401375
1609442640000,-0.0010795522461108098
1609442700000,-0.0009862100108557466
1609442760000,-0.0009324553147924623
1609442820000,-0.0022282267913345116
1609442880000,-0.0012328155967331405
1609442940000,-0.0009623470223400677
1609443000000,0.0005024982531776091
1609443060000,0.0036990571274481644
1609443120000,0.0017335043612136058
1609443180000,0.0032701827558304654
1609443240000,0.002296993436823027
1609443300000,-0.0009268939841334308
1609443360000,0.001355677389732213
1609443420000,0.0019193221546138163
1609443480000,-0.0003293224064730471
1609443540000,-0.0007468918617589065
1609443600000,-0.0007282101362145698
1609443660000,-0.0031246834773000862
1609443720000,-0.0006685609264735857
1609443780000,6.016037506360352e-05
1609443840000,-0.001576127892385655
1609443900000,-0.00020178312247994993
1609443960000,-0.0008293955062491442
1609444020000,-0.0010037917546760233
1609444080000,-0.00026424959314745155
1609444140000,0.00024451974981122863
1609444200000,-0.0015577024959386105
1609444260000,0.0003683532424388121
1609444320000,1.7338010770271887e-05
1609444380000,-0.0015660652827994153
1609444440000,-0.0002158436731129435
1609444500000,-0.0022678260984873282
1609444560000,-0.0020264619004207985
1609444620000,-0.002512294296285315
1609444680000,-0.0019466694574890103
1609444740000,-0.0012635975175179044
1609444800000,-0.005298043062192118
1609444860000,-0.0018822505140095097
1609444920000,-0.0019989428653516793
1609444980000,0.002746991619125172
1609445040000,0.0018399090382930543
1609445100000,0.0019261307648024036
1609445160000,0.0019765122757066113
1609445220000,-0.0006754218437760992
1609445280000,0.001318864616827179
1609445340000,0.000996098656214966
1609445400000,0.0012145747197147797
1609445460000,0.002574022106232993
1609445520000,0.0012993318807377977
1609445580000,-0.00040096817730458933
1609445640000,0.0013360463757661745
1609445700000,0.0002818219944524035
1609445760000,-0.002851552942127222
1609445820000,-0.0014584655237656983
1609445880000,-0.00043620385710891967
1609445940000,-0.0022982440133503027
1609446000000,0.0009039155829413224
1609446060000,0.0010686233281931485
1609446120000,0.0002357023092713934
1609446180000,-0.0007597518798049046
1609446240000,0.00047281949849533434
1609446300000,7.985685707561106e-05
1609446360000,0.0013160849322013605
1609446420000,0.0017955438299494956
1609446480000,0.0024246498059987843
1609446540000,0.0018271167297507533
1609446600000,-0.001894270520567203
1609446660000,0.0002929019716894433
1609446720000,-0.0007936105487110953
1609446780000,0.0005181043166785778
1609446840000,0.0015806831955936318
1609446900000,-0.00040933822157319147
1609446960000,0.001532752581063514
1609447020000,0.0018294960685885445
1609447080000,0.0010332834023592957
1609447140000,0.0017157172449510226
1609447200000,0.0012607564206913676
1609447260000,-0.0011361327605321579
1609447320000,-0.001013764731751193
1609447380000,0.0005542608957577228
1609447440000,0.00027459222904074583
1609447500000,0.0007678336984357306
1609447560000,-0.000552877298935396
1609447620000,-0.0009118154612242305
1609447680000,0.0003127672768444469
1609447740000,-4.726054505083913e-07
1609447800000,0.0006923181377418244
1609447860000,0.0025910794481089584
1609447920000,0.002868747191072647
1609447980000,0.0020061690452801034
1609448040000,0.003576921165133061
1609448100000,0.002302831127401091
1609448160000,0.0011415440213921305
1609448220000,0.0026710422185451557
1609448280000,-7.797873088867672e-05
1609448340000,-0.00028444979672202325
1609448400000,-0.0002915049032174205
1609448460000,-0.002151844001420315
1609448520000,-0.004322105616215982
1609448580000,-0.0015838507497082897
1609448640000,-0.0036570668507033242
1609448700000,-0.002518719199598699
1609448760000,-0.0004889098740160342
1609448820000,-0.0009257114010910068
1609448880000,-0.0002777600020431534
1609448940000,0.0016054209519931724
1609449000000,0.0009707195811005666
1609449060000,0.0010082272704977897
1609449120000,0.0012064490083384186
1609449180000,-0.0013636686267107581
1609449240000,0.0006119667397324644
1609449300000,2.431603898936484e-06
1609449360000,0.0012866367829374224
1609449420000,0.0017979053481226605
1609449480000,0.001189956455945904
1609449540000,0.0022912591989894303
1609449600000,0.0027859572765419035
1609449660000,-0.001103095107897818
1609449720000,0.0015795763837289291
1609449780000,0.0002462525724051873
1609449840000,-0.0023573279317108697
1609449900000,-0.0003741764448261052
1609449960000,-0.0008889571559432855
1609450020000,0.00037082906498292907
1609450080000,0.0007947038754753074
1609450140000,0.0012436044996698788
1609450200000,0.0010132746263397617
1609450260000,0.002099446937034269
1609450320000,0.0009561563236870737
1609450380000,0.00258140028058907
1609450440000,0.0021078029907818496
1609450500000,-0.0003607334749345982
1609450560000,6.618470337088687e-05
1609450620000,-0.0020341986432791397
1609450680000,-0.0017543254743062546
1609450740000,-0.002588495139190165
1609450800000,-0.00206755238849484
1609450860000,0.0003471863772519406
1609450920000,-0.001574827276644954
1609450980000,0.0013209311801713288
1609451040000,-0.0003709623682367193
1609451100000,-0.0010123400084059888
1609451160000,-0.0015888364922794322
1609451220000,-0.0018556607433353677
1609451280000,-0.0012612424862502778
1609451340000,-0.0009607427415618963
1609451400000,0.002989783663581758
1609451460000,0.002335039805649372
1609451520000,0.0019864865092570566
1609451580000,0.0022480758874293114
1609451640000,-0.0008648574823022114
1609451700000,0.00028608101792480843
1609451760000,-0.0015425749436040954
1609451820000,-0.000714346487580552
1609451880000,-0.002813602555211653
1609451940000,-0.0011865874021100057
1609452000000,-0.0009473810200373744
1609452060000,-0.0010563750637397943
1609452120000,0.0005848772380603908
1609452180000,0.0003963491994447363
1609452240000,-2.9076677331711258e-05
1609452300000,-0.001315897886471783
1609452360000,-0.0026018848125118174
1609452420000,-0.0007247042368820072
1609452480000,0.0006361793759561018
1609452540000,-0.0008205739338284754
1609452600000,0.0023565344317415145
1609452660000,0.0012968728509139863
1609452720000,0.00013294946508882316
1609452780000,0.0020324608758510534
1609452840000,0.001018435394015044
1609452900000,0.0023800754954596934
1609452960000,0.0010385314046261454
1609453020000,-0.0011627907623713576
1609453080000,-0.0010205326554536757
1609453140000,-0.0020782567434116154
1609453200000,0.00029573471060288033
1609453260000,0.0005336606641456398
1609453320000,0.002594825368156438
1609453380000,0.0020125276535774743
1609453440000,-8.398547134661925e-05
1609453500000,-3.3186182193224446e-05
1609453560000,-0.0008808841628214746
1609453620000,0.0005939447193840805
1609453680000,0.0008224450236836685
1609453740000,0.002613292225664205
1609453800000,0.00045710052267621345
1609453860000,0.0012409788100247918
1609453920000,0.004238215085529212
1609453980000,0.0007029519875183829
1609454040000,-1.110493131798733e-05
1609454100000,0.001599761955544964
1609454160000,0.0027142999658549055
1609454220000,0.0005306928225668218
1609454280000,0.0018581278139527548
1609454340000,-0.00036426904981594365
1609454400000,-0.001844001347573506
1609454460000,7.08906589940674e-05
1609454520000,-0.0016018543120802794
1609454580000,0.001348565451306337
1609454640000,-0.0005437070531016984
1609454700000,-0.0008581215491876374
1609454760000,-0.0002908307465361302
1609454820000,-0.0005642589798013278
1609454880000,-0.00026765984031451497
1609454940000,0.0002591861158404876
1609455000000,0.000265022476099412
1609455060000,-5.5484674505788014e-05
1609455120000,-7.87953320798666e-05
1609455180000,-0.00010798757883043632
1609455240000,-0.00013873355111834116
1609455300000,0.0031604361433863193
1609455360000,0.0020989180057259032
1609455420000,0.0033414531191169818
1609455480000,0.0031147233296136495
1609455540000,-0.0014230918845154704
1609455600000,0.0002390122898193735
1609455660000,-0.0023133435608808034
1609455720000,-0.003376877994746381
1609455780000,7.579171620697366e-05
1609455840000,0.0038052489998558364
1609455900000,-0.0015888575709681418
1609455960000,0.0008834552774670832
1609456020000,0.0017701500901775255
1609456080000,-0.0011281284759503054
1609456140000,0.00031740736589720936
1609456200000,-0.002116767879062038
1609456260000,-0.0016421853664511802
1609456320000,-0.003351198289248509
1609456380000,-0.0029647266177386376
1609456440000,-0.0018155517917387268
1609456500000,0.0005773467771878432
1609456560000,-0.0007708294219976303
1609456620000,-8.04718192706944e-05
1609456680000,0.0015639522635723527
1609456740000,-0.0013855636925841797
1609456800000,0.001362050511233183
1609456860000,-0.00033535667503326413
1609456920000,-0.0036031125277802873
1609456980000,-0.0037403890516927345
1609457040000,-0.002229425392191364
1609457100000,-0.002297743999824458
1609457160000,-0.003458165285948663
1609457220000,-0.0027872343724689047
1609457280000,-0.0029433953948768262
1609457340000,-0.0029953858910556582
1609457400000,-0.0027340213705737988
1609457460000,-0.004326959589431367
1609457520000,-0.002982133329133085
1609457580000,-0.0029590141236180683
1609457640000,-0.004089122592343723
1609457700000,-0.003028596751448
1609457760000,-0.0022979547343947014
1609457820000,-0.0007126767996466398
1609457880000,-0.0002521031602205038
1609457940000,-0.0008214733586246705
1609458000000,-0.00030947419476166
1609458060000,0.0007796005332132809
1609458120000,-9.388276552629611e-06
1609458180000,0.0007819351137652535
1609458240000,-0.002041523382843997
1609458300000,-0.0017360290625445121
1609458360000,0.0024473929872208832
1609458420000,0.0010662759222584404
1609458480000,0.0021796372621820416
1609458540000,0.004009122840267663
1609458600000,0.0013370800865954676
1609458660000,0.002259227346261728
1609458720000,0.002204893248041149
1609458780000,0.004093880344385977
1609458840000,0.00152158876340874
1609458900000,-0.00034920933642662106
1609458960000,-0.0013002819164331348
1609459020000,-0.0010360686753391995
1609459080000,-0.0009438510842603875
1609459140000,-0.0015765558313496437
