timestamp,prediction
1609108500000,0.0042817704
1609108560000,0.0050947187
1609108620000,0.0046329806
1609108680000,0.0024433096
1609108740000,0.0021364468
1609108800000,0.0030785967
1609108860000,-0.0008434426
1609108920000,0.0024725138
1609108980000,-0.00019061804
1609109040000,0.0037890554
1609109100000,0.0011742304
1609109160000,0.0002770212
1609109220000,-0.001727844
1609109280000,-0.00052745885
1609109340000,-0.001600741
1609109400000,-0.0015948103
1609109460000,-0.00069904805
1609109520000,-0.00051002565
1609109580000,-0.0011725381
1609109640000,-0.0046202643
1609109700000,-0.0032866714
1609109760000,-0.0040073344
1609109820000,-0.0014336801
1609109880000,-0.00442251
1609109940000,0.0003625517
1609110000000,-0.0008096941
1609110060000,-0.0005551141
1609110120000,-0.0025909792
1609110180000,0.0037374976
1609110240000,0.0023961316
1609110300000,-3.2526274e-05
1609110360000,0.0008088299
1609110420000,0.0011667919
1609110480000,-0.0019653805
1609110540000,-0.0013972257
1609110600000,-0.0020953224
1609110660000,-0.0033932356
1609110720000,-0.0020115252
1609110780000,-0.001427984
1609110840000,-0.0012347122
1609110900000,-0.00093511073
1609110960000,-0.0004378956
1609111020000,0.0012455331
1609111080000,0.0010022392
1609111140000,-0.0009879317
1609111200000,0.0026515622
1609111260000,0.0024533013
1609111320000,0.001139832
1609111380000,-0.0019843762
1609111440000,0.0019116857
1609111500000,-0.0020718942
1609111560000,6.0238635e-06
1609111620000,-0.00044311467
1609111680000,-0.0006141535
1609111740000,-0.0026182064
1609111800000,-0.0013547209
1609111860000,-0.00013419919
1609111920000,-0.00054359704
1609111980000,-0.0012203833
1609112040000,0.0012914124
1609112100000,0.00041059597
1609112160000,-0.00024946092
1609112220000,-0.0028099462
1609112280000,0.0009990997
1609112340000,-0.00080971525
1609112400000,0.00108773
1609112460000,-0.0025470168
1609112520000,0.0014791315
1609112580000,0.002309894
1609112640000,-0.001039378
1609112700000,0.0006302629
1609112760000,-0.00024632664
1609112820000,3.3890097e-05
1609112880000,0.0021460298
1609112940000,0.0024449434
1609113000000,-0.00073651056
1609113060000,0.00077766366
1609113120000,0.0005901323
1609113180000,0.0007961247
1609113240000,0.000500211
1609113300000,0.0018935235
1609113360000,-0.0010127854
1609113420000,-0.0005843085
1609113480000,0.00050382415
1609113540000,-0.0014985626
1609113600000,-0.0033245133
1609113660000,0.00029716486
1609113720000,0.005960642
1609113780000,0.0017436056
1609113840000,0.0025366298
1609113900000,0.002138969
1609113960000,0.0014217007
1609114020000,-0.002011248
1609114080000,-0.001959067
1609114140000,-0.0025821081
1609114200000,-0.0011783203
1609114260000,-0.0052142986
1609114320000,-0.0056200856
1609114380000,-0.0048258356
1609114440000,-0.006697826
1609114500000,-0.004092102
1609114560000,-0.0065953396
1609114620000,-0.0010379008
1609114680000,-0.0014626934
1609114740000,0.0036213356
1609114800000,-0.00010109766
1609114860000,0.001961155
1609114920000,-0.0001725097
1609114980000,0.0028675783
1609115040000,0.0052184537
1609115100000,0.0035755783
1609115160000,0.0012512346
1609115220000,0.0029652913
1609115280000,0.0012143467
1609115340000,-9.6567084e-05
1609115400000,0.0014146946
1609115460000,0.0002485479
1609115520000,0.0013509985
1609115580000,0.0030957682
1609115640000,0.0069076926
1609115700000,0.0045452267
1609115760000,0.0017210195
1609115820000,0.0019325864
1609115880000,0.0043150475
1609115940000,0.0015881276
1609116000000,0.0016770657
1609116060000,0.0010807398
1609116120000,0.002778809
1609116180000,0.0009330957
1609116240000,0.00066233746
1609116300000,-0.003471201
1609116360000,0.0013333602
1609116420000,-0.0022333013
1609116480000,-0.0037926785
1609116540000,-0.000859008
1609116600000,-0.0015528142
1609116660000,-0.0023209408
1609116720000,-0.0008137924
1609116780000,-0.0020351242
1609116840000,-0.00025157232
1609116900000,-0.0046191835
1609116960000,0.0015992904
1609117020000,-0.003375903
1609117080000,0.0008044537
1609117140000,0.00079002744
1609117200000,-0.0010115564
1609117260000,0.0013363888
1609117320000,0.00015250001
1609117380000,-0.00208478
1609117440000,6.0587718e-05
1609117500000,0.0012206744
1609117560000,0.0023169431
1609117620000,0.0003768591
1609117680000,0.002587002
1609117740000,0.00025454976
1609117800000,0.0037738713
1609117860000,0.0012748498
1609117920000,0.00012219141
1609117980000,0.00021338409
1609118040000,0.0020878073
1609118100000,0.0038143073
1609118160000,0.004662747
1609118220000,0.0017109106
1609118280000,0.005124713
1609118340000,0.0019682313
1609118400000,0.0008657129
1609118460000,0.0030125538
1609118520000,0.0034803192
1609118580000,-0.0007857899
1609118640000,-0.0013541694
1609118700000,-0.003557724
1609118760000,-0.0046074037
1609118820000,-8.661373e-05
1609118880000,-0.0035746698
1609118940000,0.0007472165
1609119000000,0.00029796982
1609119060000,-0.004469532
1609119120000,-0.0025763833
1609119180000,-0.006166307
1609119240000,-0.0072905757
1609119300000,-0.0038052239
1609119360000,-0.005024998
1609119420000,-0.008293793
1609119480000,-0.0056132223
1609119540000,-0.0033336522
1609119600000,-0.005596852
1609119660000,-0.0012642782
1609119720000,-0.0011491557
1609119780000,-0.00046529368
1609119840000,0.004784804
1609119900000,0.006646696
1609119960000,0.002798793
1609120020000,0.003241527
1609120080000,0.00327381
1609120140000,0.004101793
1609120200000,-0.0005341985
1609120260000,-0.0002126942
1609120320000,-0.00027449077
1609120380000,-0.0016004206
1609120440000,-0.0060344487
1609120500000,-0.0031979403
1609120560000,-0.00076426746
1609120620000,-0.0046767658
1609120680000,-0.002625004
1609120740000,0.00016935242
1609120800000,-0.004567012
1609120860000,-0.0049112625
1609120920000,-0.0011047443
1609120980000,0.00065073004
1609121040000,-0.00016017008
1609121100000,0.0020179355
1609121160000,0.0016546292
1609121220000,-0.0009204763
1609121280000,9.0188725e-05
1609121340000,-0.0009079849
1609121400000,0.0011299936
1609121460000,-0.0026478155
1609121520000,0.00025157383
1609121580000,0.00033256985
1609121640000,0.0022051549
1609121700000,-0.0010465898
1609121760000,0.0016146433
1609121820000,0.0014682965
1609121880000,0.00061732065
1609121940000,0.0014895156
1609122000000,-3.2102453e-06
1609122060000,0.0028558557
1609122120000,-0.0033132986
1609122180000,0.004309556
1609122240000,-0.0028312097
1609122300000,0.001887251
1609122360000,0.001154191
1609122420000,0.0006802675
1609122480000,0.0017662658
1609122540000,0.0013983514
1609122600000,-0.001501102
1609122660000,0.0020796766
1609122720000,0.002780392
1609122780000,0.0018706395
1609122840000,0.00060178316
1609122900000,0.0012248215
1609122960000,-0.0010698712
1609123020000,-0.0013415131
1609123080000,-0.001339406
1609123140000,-0.00053750287
1609123200000,-0.0016146146
1609123260000,-7.723606e-05
1609123320000,-6.6907214e-06
1609123380000,-0.0013961585
1609123440000,0.00080416934
1609123500000,0.0010130282
1609123560000,-3.404057e-05
1609123620000,0.0014569935
1609123680000,0.00015902039
1609123740000,0.0014236557
1609123800000,-0.0007223384
1609123860000,0.0011924588
1609123920000,0.0020572916
1609123980000,0.00047511788
1609124040000,-0.0019164641
1609124100000,-0.00054649427
1609124160000,0.0010672297
1609124220000,-0.0017301224
1609124280000,-0.0011203246
1609124340000,0.0011202324
1609124400000,0.0014498567
1609124460000,-0.0028907952
1609124520000,0.0015723181
1609124580000,-0.0011868192
1609124640000,-0.0008132411
1609124700000,-0.0017023258
1609124760000,-0.00029489308
1609124820000,-0.0027264198
1609124880000,-9.828926e-05
1609124940000,-0.001288974
1609125000000,-0.0015755432
1609125060000,0.0009639161
1609125120000,0.0004887458
1609125180000,-0.00048656072
1609125240000,0.0012526386
1609125300000,2.3793775e-05
1609125360000,-0.0020742756
1609125420000,-0.0008281395
1609125480000,-0.00051451643
1609125540000,-0.0025327876
1609125600000,-0.0013030175
1609125660000,-0.0021383876
1609125720000,0.00075992837
1609125780000,0.0004901958
1609125840000,-0.0011083497
1609125900000,-0.00027866097
1609125960000,0.0016028427
1609126020000,0.0003833979
1609126080000,0.00023851004
1609126140000,-0.00059083995
1609126200000,0.0014107795
1609126260000,-0.0012889132
1609126320000,0.0019159836
1609126380000,0.0018095955
1609126440000,0.0029446082
1609126500000,0.003599003
1609126560000,0.0019306665
1609126620000,0.0016561793
1609126680000,-0.00030565003
1609126740000,0.0016218169
1609126800000,-0.0015445482
1609126860000,-0.0019046997
1609126920000,-0.0013832606
1609126980000,-0.0021237887
1609127040000,0.0017847802
1609127100000,-0.00024528182
1609127160000,0.0006454076
1609127220000,0.0007272637
1609127280000,-1.6942538e-05
1609127340000,-0.00034024497
1609127400000,4.8834187e-05
1609127460000,0.00015676254
1609127520000,0.00035973857
1609127580000,0.0011134879
1609127640000,-2.62152e-05
1609127700000,-0.001467339
1609127760000,-0.00091942865
1609127820000,0.0002684317
1609127880000,0.0038682132
1609127940000,0.0041655395
1609128000000,0.0023714127
1609128060000,0.0019770204
1609128120000,0.00063399563
1609128180000,-0.0007491267
1609128240000,-0.0026723333
1609128300000,-0.00095190556
1609128360000,-0.00042586515
1609128420000,0.0004965157
1609128480000,0.0004944954
1609128540000,0.00217877
1609128600000,-0.0021227407
1609128660000,-0.001325283
1609128720000,-0.0021121681
1609128780000,-0.0014378065
1609128840000,-0.0015479556
1609128900000,-0.0010945947
1609128960000,-0.0010945947
1609129020000,-0.000524007
1609129080000,-0.0015381062
1609129140000,-0.001220102
1609129200000,-0.0020169946
1609129260000,-1.750496e-05
1609129320000,-0.00044393982
1609129380000,0.00021426642
1609129440000,-0.0027248694
1609129500000,0.00018446214
1609129560000,-0.0040237894
1609129620000,-0.0015117466
1609129680000,-7.991905e-05
1609129740000,-0.002002549
1609129800000,-0.00043680807
1609129860000,0.0008539973
1609129920000,2.6449201e-05
1609129980000,-0.0019308069
1609130040000,0.0028111234
1609130100000,-0.0023454104
1609130160000,-0.0024117776
1609130220000,-0.0020941626
1609130280000,-0.0045001963
1609130340000,-0.0033017755
1609130400000,-0.0051678554
1609130460000,-0.003954536
1609130520000,-0.0014199953
1609130580000,-0.0009442659
1609130640000,-0.0030012687
1609130700000,0.00077774684
1609130760000,0.00041832848
1609130820000,-0.001121043
1609130880000,-0.0005711017
1609130940000,-0.0028292828
1609131000000,-0.0011132823
1609131060000,-0.001334603
1609131120000,-0.0021320079
1609131180000,-0.00019156327
1609131240000,0.0011637186
1609131300000,-0.0013963907
1609131360000,0.0022552884
1609131420000,-0.0013438641
1609131480000,0.00026519358
1609131540000,-0.004300856
1609131600000,-0.001821089
1609131660000,-0.002352257
1609131720000,-0.0007828004
1609131780000,-0.0015144639
1609131840000,0.0017389744
1609131900000,0.00065419683
1609131960000,0.00053090305
1609132020000,0.0053339573
1609132080000,0.0065492946
1609132140000,0.0026089658
1609132200000,0.0020231404
1609132260000,0.0036670456
1609132320000,0.0028146894
1609132380000,0.0051055527
1609132440000,0.00016446447
1609132500000,0.002862524
1609132560000,0.0022729596
1609132620000,0.0010946601
1609132680000,-0.00066348305
1609132740000,0.00058998953
1609132800000,0.0003354051
1609132860000,0.0019299178
1609132920000,-0.0010134549
1609132980000,-0.0020329547
1609133040000,0.003061094
1609133100000,0.0029685053
1609133160000,0.0022008554
1609133220000,0.0036217112
1609133280000,0.0022047188
1609133340000,0.0006836969
1609133400000,0.00068699894
1609133460000,-0.0071822414
1609133520000,-0.005763501
1609133580000,-0.0016070092
1609133640000,-0.0049846005
1609133700000,-0.0032334528
1609133760000,0.00022617141
1609133820000,-0.0016989175
1609133880000,-0.0037053786
1609133940000,0.0010142882
1609134000000,-0.0020094067
1609134060000,0.00014302634
1609134120000,-0.00097463524
1609134180000,-0.0019922594
1609134240000,-0.0011954354
1609134300000,-0.002099166
1609134360000,-0.0012837516
1609134420000,-0.0011864672
1609134480000,0.0015034395
1609134540000,0.00091468834
1609134600000,0.0042112973
1609134660000,-0.0018723127
1609134720000,-0.004036042
1609134780000,-0.0027107731
1609134840000,-0.0043445774
1609134900000,-0.0030469303
1609134960000,-0.0035996458
1609135020000,-0.0028368626
1609135080000,0.00033306924
1609135140000,-0.0010660213
1609135200000,-0.0021111253
1609135260000,-0.0020079752
1609135320000,0.00041327882
1609135380000,-0.0018499175
1609135440000,0.0009181855
1609135500000,0.0018906117
1609135560000,0.0011800209
1609135620000,0.0018333059
1609135680000,0.00039172333
1609135740000,0.0016594628
1609135800000,0.0010993506
1609135860000,0.001042466
1609135920000,-3.5776524e-05
1609135980000,-0.0006881632
1609136040000,-0.0007288444
1609136100000,0.0022532458
1609136160000,-0.0019590517
1609136220000,-0.0012406419
1609136280000,0.0011761691
1609136340000,0.0006857403
1609136400000,-0.0016515433
1609136460000,0.0012323245
1609136520000,0.00070307084
1609136580000,0.0014457661
1609136640000,-0.00064359274
1609136700000,0.0015973354
1609136760000,0.0007028344
1609136820000,0.0008619533
1609136880000,-0.0002186794
1609136940000,-0.0009956239
1609137000000,-0.0009885071
1609137060000,-0.00074987457
1609137120000,0.0010885589
1609137180000,-0.00016877831
1609137240000,-0.001979052
1609137300000,0.0020159208
1609137360000,-0.0006808894
1609137420000,0.0002971592
1609137480000,-0.0014407678
1609137540000,0.0006857403
1609137600000,0.00081196387
1609137660000,0.0006961651
1609137720000,-0.0014742361
1609137780000,0.0013039828
1609137840000,0.000821465
1609137900000,-0.00041915957
1609137960000,0.0014457274
1609138020000,0.0013214898
1609138080000,0.00084627816
1609138140000,0.0020265016
1609138200000,0.0033069653
1609138260000,0.0001568224
1609138320000,0.0010658767
1609138380000,0.00074423803
1609138440000,0.0014748551
1609138500000,-0.0025329338
1609138560000,0.0025442299
1609138620000,-0.00066257664
1609138680000,-2.3804532e-06
1609138740000,-0.00048490483
1609138800000,-0.0021549023
1609138860000,-0.00087989925
1609138920000,0.001083135
1609138980000,-0.0026166954
1609139040000,-0.00073769304
1609139100000,-0.0007257451
1609139160000,-0.0025227899
1609139220000,-0.0062178546
1609139280000,-0.0029054978
1609139340000,-0.0031760687
1609139400000,-0.0037702092
1609139460000,-0.0021158936
1609139520000,-0.001223861
1609139580000,-0.000252359
1609139640000,-0.0020920376
1609139700000,-0.002613038
1609139760000,-0.0017499953
1609139820000,-0.0012423841
1609139880000,-0.0024854713
1609139940000,-0.0014779231
1609140000000,0.0009655878
1609140060000,-0.00025165465
1609140120000,0.001299964
1609140180000,-0.001917735
1609140240000,0.0014738762
1609140300000,-0.00049513316
1609140360000,-0.000100560996
1609140420000,-0.0020414765
1609140480000,0.001652694
1609140540000,-0.0011417768
1609140600000,-0.0008740819
1609140660000,-0.003976083
1609140720000,-0.007417277
1609140780000,-0.007054171
1609140840000,-0.005825479
1609140900000,-0.008004493
1609140960000,-0.0028098118
1609141020000,-0.0021790885
1609141080000,-0.0018343669
1609141140000,-0.0022439267
1609141200000,0.002149767
1609141260000,-0.002763282
1609141320000,0.0019694313
1609141380000,-0.0011135602
1609141440000,0.001593789
1609141500000,0.0016300356
1609141560000,0.003382653
1609141620000,0.0033533536
1609141680000,0.0016591401
1609141740000,0.0023838237
1609141800000,0.00010009218
1609141860000,0.00472101
1609141920000,0.0028850732
1609141980000,0.0019244441
1609142040000,0.0022687437
1609142100000,0.0005385324
1609142160000,-0.0034261504
1609142220000,0.000109287175
1609142280000,-0.00056760886
1609142340000,-0.0011606441
1609142400000,-0.00257014
1609142460000,0.008049444
1609142520000,0.005105623
1609142580000,0.0019508234
1609142640000,-0.0005583834
1609142700000,0.002137291
1609142760000,-0.0027888857
1609142820000,-0.0016336261
1609142880000,-0.0015193119
1609142940000,-0.0011308811
1609143000000,0.001406424
1609143060000,0.0006941663
1609143120000,-0.0022554572
1609143180000,0.00024266989
1609143240000,0.0016562889
1609143300000,0.006110757
1609143360000,0.002288751
1609143420000,0.0019436968
1609143480000,0.00055440987
1609143540000,0.0010749118
1609143600000,-0.0027700386
1609143660000,-0.0001303263
1609143720000,0.002244702
1609143780000,0.000348551
1609143840000,-0.0019312806
1609143900000,-0.0001035228
1609143960000,-0.003507855
1609144020000,-0.005666475
1609144080000,0.00013432553
1609144140000,-0.00091259455
1609144200000,0.0010178824
1609144260000,0.0016723162
1609144320000,0.00033853512
1609144380000,-0.0002031306
1609144440000,0.00020744737
1609144500000,-0.0019913984
1609144560000,-0.00331158
1609144620000,-0.003468973
1609144680000,-0.002115985
1609144740000,-0.003372263
1609144800000,-0.0020973594
1609144860000,-9.780499e-05
1609144920000,0.0001340042
1609144980000,-0.00016697693
1609145040000,-0.000947846
1609145100000,0.0015793896
1609145160000,0.0021472867
1609145220000,-0.00033941714
1609145280000,-0.0004733645
1609145340000,0.0005831727
1609145400000,-8.8111134e-05
1609145460000,0.0009988272
1609145520000,-0.0020999943
1609145580000,-0.0012665396
1609145640000,-0.0006509843
1609145700000,-0.0017231874
1609145760000,-0.0019228322
1609145820000,-0.0007201875
1609145880000,-0.0019233387
1609145940000,0.000101585276
1609146000000,-5.970875e-05
1609146060000,0.0010222442
1609146120000,-0.00094312703
1609146180000,0.0032675248
1609146240000,0.0022774292
1609146300000,0.0027643533
1609146360000,-0.0010441092
1609146420000,0.0008643353
1609146480000,0.0013609491
1609146540000,-0.0010454257
1609146600000,-0.0012209279
1609146660000,0.0013925751
1609146720000,-0.00072342047
1609146780000,-0.0009433032
1609146840000,0.0010998062
1609146900000,-0.00069644285
1609146960000,-0.0018974477
1609147020000,-0.00087744085
1609147080000,-0.004722402
1609147140000,-0.00695193
1609147200000,-0.0024885507
1609147260000,0.00016100158
1609147320000,-0.00211113
1609147380000,-0.0020967866
1609147440000,-0.0028742128
1609147500000,-0.00036555834
1609147560000,-0.0011640907
1609147620000,-0.0007641361
1609147680000,-0.0013901812
1609147740000,-0.00027986127
1609147800000,-0.00050367357
1609147860000,-0.0018336647
1609147920000,-0.0003447054
1609147980000,0.0016128033
1609148040000,0.0030476751
1609148100000,0.0033223652
1609148160000,0.0014322922
1609148220000,0.0010830029
1609148280000,0.00058763596
1609148340000,-5.2983032e-05
1609148400000,-0.00067139004
1609148460000,-0.003129617
1609148520000,-0.0035920453
1609148580000,-0.0037280186
1609148640000,-0.0025548534
1609148700000,-0.0025374994
1609148760000,0.00012635959
1609148820000,0.0013364314
1609148880000,0.0027816202
1609148940000,0.003380967
1609149000000,0.0034220563
1609149060000,0.0022997824
1609149120000,0.00048592477
1609149180000,-0.00025961778
1609149240000,-0.001801114
1609149300000,-0.0029829813
1609149360000,-0.001483591
1609149420000,-0.00023885934
1609149480000,0.0003844794
1609149540000,-0.00083668524
1609149600000,-0.0012739148
1609149660000,-0.004341535
1609149720000,-0.0038588163
1609149780000,-0.0015143125
1609149840000,-0.0011393242
1609149900000,0.0028492215
1609149960000,0.003079917
1609150020000,0.00037352226
1609150080000,-0.0011530718
1609150140000,-0.0019694902
1609150200000,-0.0018403619
1609150260000,-0.0028649352
1609150320000,-0.0008007778
1609150380000,-0.00063971296
1609150440000,-0.00018641305
1609150500000,0.0026873648
1609150560000,0.0010685007
1609150620000,-0.0007282852
1609150680000,-0.002077349
1609150740000,-0.0011631894
1609150800000,-0.0017294616
1609150860000,-0.0012068091
1609150920000,0.00064278685
1609150980000,0.0008247499
1609151040000,0.0018005474
1609151100000,-0.00045978848
1609151160000,0.001830518
1609151220000,-0.00016328011
1609151280000,-0.0035185693
1609151340000,-0.00081997813
1609151400000,-0.0016471396
1609151460000,0.0008076088
1609151520000,-0.0042620664
1609151580000,-0.002833825
1609151640000,-0.0014109141
1609151700000,-0.00092595257
1609151760000,-0.00014882507
1609151820000,0.0069658533
1609151880000,0.0057730195
1609151940000,0.002776077
1609152000000,0.007941334
1609152060000,0.005053905
1609152120000,0.001375171
1609152180000,-0.0016953194
1609152240000,0.0009456957
1609152300000,-0.00015441426
1609152360000,-0.000124211
1609152420000,-0.0024881007
1609152480000,-0.0010143119
1609152540000,0.00093684025
1609152600000,-0.0028696829
1609152660000,-0.0037209908
1609152720000,-0.0016346389
1609152780000,-0.0009570006
1609152840000,0.0004172995
1609152900000,3.9003287e-05
1609152960000,-0.0008324342
1609153020000,-0.0004965905
1609153080000,-0.0014026492
1609153140000,0.0013214613
1609153200000,-0.0012666675
1609153260000,-0.0013084091
1609153320000,-0.00074809766
1609153380000,-0.0027168489
1609153440000,-0.001154499
1609153500000,-0.0027391869
1609153560000,-3.616047e-05
1609153620000,-0.0017880256
1609153680000,-0.00027732548
1609153740000,-0.00086887187
1609153800000,-0.006935484
1609153860000,-0.0053064297
1609153920000,0.0020952176
1609153980000,-0.0041653295
1609154040000,-0.0036308493
1609154100000,-0.00078220386
1609154160000,-0.0012619693
1609154220000,-0.0015143125
1609154280000,-0.0027308252
1609154340000,-0.0042117904
1609154400000,-0.00136551
1609154460000,-0.0010913772
1609154520000,-0.00015424521
1609154580000,-0.0026036643
1609154640000,0.0004816576
1609154700000,-0.0001493987
1609154760000,-0.0010110234
1609154820000,-0.00036049084
1609154880000,0.0042807683
1609154940000,0.0042198286
1609155000000,0.0032000472
1609155060000,0.0051494287
1609155120000,0.004820427
1609155180000,0.003429806
1609155240000,0.001953455
1609155300000,0.00020529587
1609155360000,-0.0013535764
1609155420000,-0.0027489136
1609155480000,-0.0011241157
1609155540000,-0.0011824025
1609155600000,0.0020976325
1609155660000,-0.001572858
1609155720000,0.0034808146
1609155780000,-3.7286078e-05
1609155840000,0.0017133353
1609155900000,-0.0024587617
1609155960000,0.0017249812
1609156020000,-0.0037579376
1609156080000,-5.8615533e-05
1609156140000,-0.0023756023
1609156200000,-0.00253863
1609156260000,-0.0017250567
1609156320000,-0.0009971071
1609156380000,-0.001242628
1609156440000,-0.0019800058
1609156500000,0.00037021318
1609156560000,-0.000398223
1609156620000,-0.0013210468
1609156680000,-0.002566382
1609156740000,-0.0011686498
1609156800000,-0.0028903075
1609156860000,-0.0016836696
1609156920000,-0.0015097186
1609156980000,0.0034178866
1609157040000,0.002696615
1609157100000,0.0015109198
1609157160000,0.002735791
1609157220000,0.0005291549
1609157280000,-0.0032631939
1609157340000,-0.0029963194
1609157400000,-0.0008255995
1609157460000,-0.0030864833
1609157520000,-0.0013465936
1609157580000,0.0012970354
1609157640000,0.0007428167
1609157700000,0.0026971607
1609157760000,0.00270071
1609157820000,0.008600364
1609157880000,0.0071212254
1609157940000,0.0067413887
1609158000000,0.0059275157
1609158060000,0.0038644841
1609158120000,0.004129736
1609158180000,0.004092926
1609158240000,0.00018147822
1609158300000,0.0028868746
1609158360000,0.0012674376
1609158420000,0.00088635006
1609158480000,-0.0013056357
1609158540000,-0.0010838477
1609158600000,0.0032848692
1609158660000,0.0061565354
1609158720000,0.007072389
1609158780000,0.0030200318
1609158840000,0.007789935
1609158900000,0.009173636
1609158960000,0.002842579
1609159020000,0.0014856781
1609159080000,-0.00013190607
1609159140000,-0.0031070956
1609159200000,-0.004343753
1609159260000,0.0064861793
1609159320000,0.005453011
1609159380000,-0.0011139171
1609159440000,0.0008105584
1609159500000,0.0013580828
1609159560000,-0.006996472
1609159620000,-0.006964837
1609159680000,-0.0023476908
1609159740000,-0.00062322436
1609159800000,-0.004989672
1609159860000,-0.0024808259
1609159920000,0.0018088473
1609159980000,0.0030622797
1609160040000,-0.0007303953
1609160100000,0.0022242358
1609160160000,0.001612838
1609160220000,0.0016414754
1609160280000,-0.00089203805
1609160340000,0.00038100776
1609160400000,0.005158858
1609160460000,0.006031224
1609160520000,0.0036197677
1609160580000,0.0032027955
1609160640000,0.0027167483
1609160700000,0.0009328696
1609160760000,0.0008608102
1609160820000,0.009499047
1609160880000,0.0131820785
1609160940000,0.0035565055
1609161000000,0.000979626
1609161060000,0.0049581267
1609161120000,-0.0012288954
1609161180000,0.0038308399
1609161240000,0.00079570885
1609161300000,-0.0016225635
1609161360000,-0.0062302873
1609161420000,-0.0050311736
1609161480000,-0.006269914
1609161540000,-0.0005440539
1609161600000,-0.0023469124
1609161660000,-0.0034774628
1609161720000,0.00027275417
1609161780000,-0.0018390327
1609161840000,-0.0028488094
1609161900000,-0.0003683637
1609161960000,0.0033057393
1609162020000,0.00042305153
1609162080000,0.0018719431
1609162140000,0.0012706928
1609162200000,0.0017769496
1609162260000,-0.0018191633
1609162320000,-0.006722277
1609162380000,-0.0038637186
1609162440000,-0.0013976982
1609162500000,-0.0064431573
1609162560000,-0.006803683
1609162620000,0.0025287773
1609162680000,-0.003939048
1609162740000,-0.006506207
1609162800000,-0.000575968
1609162860000,0.00033066305
1609162920000,-0.00031756872
1609162980000,0.0041486626
1609163040000,0.001800641
1609163100000,-0.002592563
1609163160000,-0.00046191693
1609163220000,-0.0019821012
1609163280000,-0.0020839716
1609163340000,-0.0015418181
1609163400000,-0.00057168765
1609163460000,-0.002116166
1609163520000,-0.0012552514
1609163580000,-0.00080574816
1609163640000,-0.0021935382
1609163700000,-0.0030671651
1609163760000,-0.0033225752
1609163820000,0.0013013855
1609163880000,-0.0017618166
1609163940000,-0.001185476
1609164000000,0.004530962
1609164060000,0.0063201897
1609164120000,0.0022316822
1609164180000,0.002183408
1609164240000,0.0015537469
1609164300000,-0.0035813646
1609164360000,-0.0006944467
1609164420000,-0.0022641546
1609164480000,-0.0017858159
1609164540000,-0.0040947907
1609164600000,0.0034256412
1609164660000,-0.0034593882
1609164720000,-0.0019996401
1609164780000,-0.0010671762
1609164840000,0.0018235052
1609164900000,0.0013940433
1609164960000,0.0010762159
1609165020000,0.00080371083
1609165080000,5.17572e-05
1609165140000,4.5924295e-05
1609165200000,0.0008019578
1609165260000,-0.0010320797
1609165320000,-0.0009891479
1609165380000,0.00035125704
1609165440000,-0.00020290096
1609165500000,0.000490083
1609165560000,0.0006205573
1609165620000,0.00044827576
1609165680000,0.00084921386
1609165740000,0.0008587116
1609165800000,-6.207279e-05
1609165860000,0.00011935441
1609165920000,-0.0010021931
1609165980000,-0.00073427544
1609166040000,-0.00082078483
1609166100000,0.0007662654
1609166160000,-0.0011780596
1609166220000,-0.00046936268
1609166280000,-0.00030972535
1609166340000,0.0012350476
1609166400000,-0.00012665021
1609166460000,0.00084304815
1609166520000,0.0019940834
1609166580000,0.0001092863
1609166640000,0.0014743597
1609166700000,0.0010794562
1609166760000,0.00076630886
1609166820000,-0.0010685428
1609166880000,-1.9243245e-05
1609166940000,0.002453699
1609167000000,-0.0006675451
1609167060000,-1.4172834e-05
1609167120000,0.000883286
1609167180000,0.00075432955
1609167240000,-0.0008825297
1609167300000,-0.001416687
1609167360000,-0.001008932
1609167420000,-0.0007897488
1609167480000,-0.00060980575
1609167540000,-0.0009615848
1609167600000,0.0013259236
1609167660000,0.000841447
1609167720000,0.0019081505
1609167780000,1.83183e-05
1609167840000,0.0007802687
1609167900000,-0.0013754809
1609167960000,-0.0008503399
1609168020000,-0.0021128964
1609168080000,-0.0016582508
1609168140000,-6.831628e-05
1609168200000,-0.00020312564
1609168260000,0.0032753034
1609168320000,0.007229682
1609168380000,0.0023631707
1609168440000,0.00129265
1609168500000,0.00043140407
1609168560000,0.00043063745
1609168620000,-0.0010784275
1609168680000,0.0027189893
1609168740000,0.00037169812
1609168800000,0.0012682029
1609168860000,0.00064779125
1609168920000,0.005460787
1609168980000,-0.0031564133
1609169040000,0.0026764716
1609169100000,0.0028321245
1609169160000,-0.00074624486
1609169220000,-0.00057341246
1609169280000,-0.0019382184
1609169340000,-0.0039340714
1609169400000,-0.00075993367
1609169460000,-0.0019938697
1609169520000,-0.0036955301
1609169580000,-0.00090245623
1609169640000,0.0017352048
1609169700000,0.0009644232
1609169760000,0.0007244757
1609169820000,0.00089940784
1609169880000,0.0023893393
1609169940000,0.00038974002
1609170000000,0.0014853672
1609170060000,0.0010206145
1609170120000,0.002154896
1609170180000,0.0011437897
1609170240000,0.00014861142
1609170300000,-5.4834847e-05
1609170360000,-0.0011352055
1609170420000,-0.0048655
1609170480000,-0.0037474947
1609170540000,-0.0029771258
1609170600000,-0.001472222
1609170660000,-0.0028738736
1609170720000,0.0015788827
1609170780000,0.0011166974
1609170840000,0.002418453
1609170900000,-0.0010570328
1609170960000,0.0027070409
1609171020000,-0.00019535302
1609171080000,-0.0011101709
1609171140000,-0.0012642413
1609171200000,-0.0014637675
1609171260000,-0.0012937788
1609171320000,-0.0015977251
1609171380000,0.0012183869
1609171440000,-0.004006201
1609171500000,-0.0028197344
1609171560000,-0.0013730577
1609171620000,-0.004904867
1609171680000,-0.004786958
1609171740000,-0.0013009971
1609171800000,-0.0009861693
1609171860000,-0.0013012773
1609171920000,0.0027909214
1609171980000,0.0022392333
1609172040000,-0.00011990081
1609172100000,0.0019173537
1609172160000,0.0011669793
1609172220000,-0.0009552251
1609172280000,-0.00057966023
1609172340000,-0.00133991
1609172400000,-0.00010810132
1609172460000,-0.0004096122
1609172520000,-0.0014640972
1609172580000,0.00042636454
1609172640000,0.0006155114
1609172700000,-0.0014912735
1609172760000,0.0007809757
1609172820000,-0.0006463401
1609172880000,0.0008651197
1609172940000,7.0332753e-06
1609173000000,0.0006371108
1609173060000,0.0011913619
1609173120000,-0.0007096294
1609173180000,-0.0012906004
1609173240000,-0.0007231267
1609173300000,-0.0020173201
1609173360000,-0.003919392
1609173420000,-0.0014493592
1609173480000,-0.0028149043
1609173540000,-0.0009910731
1609173600000,-0.0055929213
1609173660000,-0.0017972365
1609173720000,-0.0027325545
1609173780000,0.001010661
1609173840000,0.0036118894
1609173900000,0.005097179
1609173960000,0.001357765
1609174020000,0.0028311259
1609174080000,0.0021894001
1609174140000,0.0008541065
1609174200000,0.0013428333
1609174260000,0.0013231371
1609174320000,0.00095890724
1609174380000,0.0004307088
1609174440000,-0.0009846541
1609174500000,-0.0023066099
1609174560000,-0.0014227565
1609174620000,-0.0024401383
1609174680000,-0.0019034133
1609174740000,-0.0015574308
1609174800000,0.0017612291
1609174860000,-0.0006630279
1609174920000,-0.0031160996
1609174980000,-0.0020761592
1609175040000,-0.0010675183
1609175100000,-0.0028726612
1609175160000,-0.00093451317
1609175220000,-0.00018278997
1609175280000,-0.0046144095
1609175340000,-0.007144267
1609175400000,-0.0040250006
1609175460000,-0.005518659
1609175520000,-0.004766081
1609175580000,-0.0015491676
1609175640000,-0.0034078774
1609175700000,-0.0026456197
1609175760000,-0.0041411542
1609175820000,-0.0055044126
1609175880000,-0.005689835
1609175940000,-0.002344528
1609176000000,-0.0014642365
1609176060000,-0.0015004697
1609176120000,0.0008094619
1609176180000,0.00066825707
1609176240000,0.0018304432
1609176300000,0.0027215204
1609176360000,0.0075272885
1609176420000,0.006643913
1609176480000,0.0027129995
1609176540000,0.0009938593
1609176600000,0.0021743379
1609176660000,-0.0006075806
1609176720000,9.9797435e-05
1609176780000,-0.0010839342
1609176840000,0.0006479151
1609176900000,-0.0014101121
1609176960000,-0.0006994512
1609177020000,-0.0027018532
1609177080000,-0.007167963
1609177140000,-0.0024675291
1609177200000,-0.00340918
1609177260000,-0.0016721495
1609177320000,-0.009373506
1609177380000,0.0005887746
1609177440000,-0.0032511489
1609177500000,0.0025084424
1609177560000,-0.0009937668
1609177620000,0.0007376681
1609177680000,0.0011438591
1609177740000,-0.0010925928
1609177800000,0.001178735
1609177860000,-0.0020135976
1609177920000,0.0014877229
1609177980000,-0.0008891392
1609178040000,0.00080903235
1609178100000,0.0019336692
1609178160000,0.0020115126
1609178220000,0.0005526282
1609178280000,0.001219196
1609178340000,0.00021561861
1609178400000,-0.000376634
1609178460000,-0.0019549346
1609178520000,-0.0012212496
1609178580000,0.0027674243
1609178640000,0.0034085421
1609178700000,0.0019864158
1609178760000,0.0036679583
1609178820000,0.0065711
1609178880000,0.0035162466
1609178940000,0.0010132805
1609179000000,0.001105727
1609179060000,-0.0007807449
1609179120000,-0.0016204384
1609179180000,-0.0026752297
1609179240000,-0.00037135842
1609179300000,-0.0034074527
1609179360000,-0.0033727395
1609179420000,-0.0019430174
1609179480000,-0.0013930293
1609179540000,-0.0005778915
1609179600000,-0.0025636062
1609179660000,0.0009671053
1609179720000,-0.0011584305
1609179780000,-0.0005627025
1609179840000,0.00087168114
1609179900000,0.00048003733
1609179960000,-0.00016255886
1609180020000,0.00052715436
1609180080000,0.0004633025
1609180140000,-0.00035516752
1609180200000,0.00040315598
1609180260000,-0.0011754351
1609180320000,-0.0024497204
1609180380000,-0.00025241295
1609180440000,-0.00071950763
1609180500000,0.00077696703
1609180560000,-0.0008211621
1609180620000,0.00013169122
1609180680000,0.0007790155
1609180740000,0.00052121916
1609180800000,-0.0013754391
1609180860000,-0.0019364506
1609180920000,-0.0023436337
1609180980000,-0.0008200269
1609181040000,0.0015414419
1609181100000,-0.0006158411
1609181160000,0.0032086726
1609181220000,0.009167994
1609181280000,0.005863447
1609181340000,0.001107983
1609181400000,0.0014641931
1609181460000,0.0015862035
1609181520000,0.000980163
1609181580000,-0.0008649774
1609181640000,-9.112022e-05
1609181700000,-0.0010226609
1609181760000,-0.0009863417
1609181820000,-0.00082499266
1609181880000,0.000901806
1609181940000,-0.0010021996
1609182000000,0.00020210177
1609182060000,0.00026901535
1609182120000,-0.0011722754
1609182180000,0.0009355806
1609182240000,0.0034537292
1609182300000,0.009018185
1609182360000,0.0026953248
1609182420000,0.003915234
1609182480000,-0.0012004846
1609182540000,0.00043807927
1609182600000,-0.0032450343
1609182660000,-0.0061929603
1609182720000,-0.0027918792
1609182780000,0.0037412848
1609182840000,-0.0042669084
1609182900000,-0.0014656179
1609182960000,0.0016323617
1609183020000,-0.00046818622
1609183080000,-0.0026147452
1609183140000,-0.00435583
1609183200000,-0.0036301748
1609183260000,-0.0023044392
1609183320000,0.0007903874
1609183380000,-0.0005327724
1609183440000,0.0012281188
1609183500000,0.0021339909
1609183560000,0.0008021702
1609183620000,-0.0032766196
1609183680000,-0.0038580266
1609183740000,-0.0017087476
1609183800000,-0.0018670681
1609183860000,-0.0019933872
1609183920000,0.0008443818
1609183980000,-0.0010068042
1609184040000,-0.0006093789
1609184100000,-0.000501534
1609184160000,0.00077886606
1609184220000,0.0015064677
1609184280000,0.0014082303
1609184340000,0.00011606378
1609184400000,0.0017805329
1609184460000,-0.0006657294
1609184520000,-0.0008660001
1609184580000,-0.00160616
1609184640000,0.0020677748
1609184700000,-0.0017915139
1609184760000,-0.0019480794
1609184820000,-0.004062815
1609184880000,-0.0038874666
1609184940000,-0.008317371
1609185000000,-0.009253335
1609185060000,-0.004615752
1609185120000,-0.0042007025
1609185180000,-0.0010707693
1609185240000,0.0010252733
1609185300000,0.001038713
1609185360000,0.0051664882
1609185420000,0.0049661063
1609185480000,0.0009378096
1609185540000,0.002678627
1609185600000,0.002356395
1609185660000,-0.0019011636
1609185720000,-0.0032329028
1609185780000,-0.0034538603
1609185840000,-0.0025904232
1609185900000,-0.0012603526
1609185960000,-0.0026814677
1609186020000,-0.0015230809
1609186080000,0.0027418495
1609186140000,0.0019086757
1609186200000,0.0020497849
1609186260000,0.0016263038
1609186320000,0.00030689346
1609186380000,-0.001728705
1609186440000,0.0009471711
1609186500000,-0.0019036474
1609186560000,-1.4416239e-05
1609186620000,0.0004670777
1609186680000,0.0005761901
1609186740000,-0.0001477011
1609186800000,0.00038665876
1609186860000,0.00252864
1609186920000,0.0042765643
1609186980000,-9.5945004e-05
1609187040000,0.0025196401
1609187100000,0.004916092
1609187160000,0.0026959397
1609187220000,0.0012208323
1609187280000,0.0015458012
1609187340000,0.0021873827
1609187400000,0.0010755842
1609187460000,0.0015785005
1609187520000,-0.00010072659
1609187580000,-0.0027354793
1609187640000,0.002688675
1609187700000,-0.00096127583
1609187760000,0.0009033872
1609187820000,0.00040073937
1609187880000,0.0048369262
1609187940000,0.00025793686
1609188000000,0.0035002436
1609188060000,-0.0032259831
1609188120000,0.0018932471
1609188180000,-0.0016256833
1609188240000,-0.0010443786
1609188300000,0.0006943091
1609188360000,0.0010567172
1609188420000,0.0031461266
1609188480000,-0.00023116248
1609188540000,0.0047510783
1609188600000,0.0051554223
1609188660000,0.0015016138
1609188720000,-0.0007925221
1609188780000,-0.004616844
1609188840000,-0.0057496517
1609188900000,-0.0038164165
1609188960000,-0.0027979398
1609189020000,-0.0035546962
1609189080000,-0.0014355921
1609189140000,0.00045723518
1609189200000,-0.002756886
1609189260000,-0.0034685524
1609189320000,-0.0016412054
1609189380000,-0.0023529367
1609189440000,-0.0020679508
1609189500000,-0.0010855035
1609189560000,-0.00165759
1609189620000,0.00023770251
1609189680000,-0.0012277508
1609189740000,0.0008144542
1609189800000,-0.0008949687
1609189860000,-0.0002667391
1609189920000,-0.0019374229
1609189980000,-0.0009031958
1609190040000,-0.004007843
1609190100000,-0.004688997
1609190160000,-0.0019967114
1609190220000,0.0035125597
1609190280000,0.002479348
1609190340000,0.0029005723
1609190400000,0.0026220658
1609190460000,0.0026949192
1609190520000,-0.0019332046
1609190580000,0.0008172577
1609190640000,-0.0017755935
1609190700000,-0.003044678
1609190760000,-0.0031269407
1609190820000,-0.0012006166
1609190880000,-0.0013004345
1609190940000,0.001590909
1609191000000,0.0016146064
1609191060000,0.001244959
1609191120000,0.001138733
1609191180000,0.0010433019
1609191240000,-0.002719575
1609191300000,-0.003710062
1609191360000,-0.0018007236
1609191420000,-0.002785794
1609191480000,-0.004312781
1609191540000,-0.0060443087
1609191600000,-0.009309816
1609191660000,-0.0081643
1609191720000,-0.0016159059
1609191780000,-0.003630507
1609191840000,0.0009560523
1609191900000,-0.0014947121
1609191960000,-0.008887127
1609192020000,9.960625e-05
1609192080000,-0.0035295936
1609192140000,-0.003682902
1609192200000,-0.0032500175
1609192260000,0.0014515576
1609192320000,0.00062282936
1609192380000,0.00045420582
1609192440000,-0.0012566674
1609192500000,0.00015092727
1609192560000,0.0010535242
1609192620000,-0.0012361942
1609192680000,0.003390779
1609192740000,0.005874817
1609192800000,0.003953634
1609192860000,-0.0023971766
1609192920000,-0.002101086
1609192980000,-0.0065476694
1609193040000,-0.004562786
1609193100000,-0.0041738665
1609193160000,-0.008556048
1609193220000,-0.008017075
1609193280000,-0.007975882
1609193340000,-0.008619868
1609193400000,-0.00448965
1609193460000,-0.003651245
1609193520000,-0.002431474
1609193580000,-0.005383002
1609193640000,-0.0076553803
1609193700000,-0.0028952237
1609193760000,-0.00451089
1609193820000,0.0005074458
1609193880000,-0.003960065
1609193940000,0.0061668092
1609194000000,0.008286649
1609194060000,0.0062301066
1609194120000,-0.0010744812
1609194180000,0.003328667
1609194240000,0.0068545225
1609194300000,-0.0020922758
1609194360000,0.003470074
1609194420000,0.004946633
1609194480000,0.003803282
1609194540000,0.002005744
1609194600000,0.002368334
1609194660000,0.0034643437
1609194720000,0.012567322
1609194780000,0.014240858
1609194840000,0.01614015
1609194900000,0.012758145
1609194960000,-0.004443245
1609195020000,0.0044709058
1609195080000,0.0025890495
1609195140000,-0.007245272
1609195200000,-0.0006390221
1609195260000,-0.004408223
1609195320000,-0.006769765
1609195380000,-0.0043564425
1609195440000,0.004107262
1609195500000,0.0019139893
1609195560000,0.007836612
1609195620000,0.012784986
1609195680000,0.005675773
1609195740000,0.009159315
1609195800000,0.012287047
1609195860000,0.0038682842
1609195920000,-0.005527957
1609195980000,0.006056743
1609196040000,-0.0031176894
1609196100000,-0.0035629738
1609196160000,-0.003730767
1609196220000,-3.0095212e-05
1609196280000,-0.0055293436
1609196340000,0.00021181424
1609196400000,-0.0028141823
1609196460000,-0.0017279437
1609196520000,-0.0035129108
1609196580000,-0.0010130518
1609196640000,-0.0047052396
1609196700000,-0.0005969803
1609196760000,0.0017099697
1609196820000,-0.0035032618
1609196880000,0.0027518068
1609196940000,0.00433207
1609197000000,0.0010806076
1609197060000,-0.00060465094
1609197120000,0.002651381
1609197180000,0.0011966041
1609197240000,-0.00059918466
1609197300000,0.0059959386
1609197360000,0.0033018023
1609197420000,0.0023894035
1609197480000,0.00048725167
1609197540000,0.00091660104
1609197600000,3.875931e-05
1609197660000,-1.808938e-05
1609197720000,0.0024948295
1609197780000,-0.0018144818
1609197840000,0.0006573307
1609197900000,-0.0013703227
1609197960000,0.0019472055
1609198020000,-0.003447423
1609198080000,-0.0034655253
1609198140000,-0.00019477047
1609198200000,-0.001305019
1609198260000,-0.0008412959
1609198320000,-0.0005053301
1609198380000,-0.0041540866
1609198440000,-0.0057963594
1609198500000,-0.0016428686
1609198560000,-0.008257635
1609198620000,-0.008723772
1609198680000,-0.004872418
1609198740000,-0.0029588654
1609198800000,0.0027086406
1609198860000,-0.001724141
1609198920000,-0.0018284563
1609198980000,-0.0028510934
1609199040000,-0.0034307449
1609199100000,-0.004153254
1609199160000,-0.0005666732
1609199220000,-0.0033284938
1609199280000,-0.005635991
1609199340000,-0.0028228918
1609199400000,-0.0018780637
1609199460000,-0.008448292
1609199520000,-0.005950052
1609199580000,0.00038491847
1609199640000,-0.00030204718
1609199700000,0.0029790092
1609199760000,0.0077566956
1609199820000,0.009125537
1609199880000,0.006359693
1609199940000,0.0034199876
1609200000000,-0.0018367416
1609200060000,-0.0019083042
1609200120000,-0.014514121
1609200180000,-0.016153485
1609200240000,-0.019970367
1609200300000,-0.007054934
1609200360000,-0.012967469
1609200420000,-0.017465545
1609200480000,-0.017182948
1609200540000,-0.010351349
1609200600000,-0.011268992
1609200660000,-0.0034205143
1609200720000,-0.006564228
1609200780000,-0.006435604
1609200840000,0.0026516053
1609200900000,0.003937142
1609200960000,-0.0004998191
1609201020000,-0.0024727876
1609201080000,-0.012098111
1609201140000,-0.008223886
1609201200000,-0.0040833415
1609201260000,-0.0070242696
1609201320000,-0.0046982467
1609201380000,0.0031580948
1609201440000,-0.011597499
1609201500000,-0.009927211
1609201560000,0.0020656057
1609201620000,-0.004936049
1609201680000,-0.0021452042
1609201740000,-0.0027670432
1609201800000,0.009482201
1609201860000,-0.006440062
1609201920000,0.0048377123
1609201980000,-0.0009237931
1609202040000,0.0047607156
1609202100000,0.01502701
1609202160000,0.010503263
1609202220000,0.0042032623
1609202280000,0.0027342318
1609202340000,0.0042452654
1609202400000,0.0031456063
1609202460000,-0.0009312653
1609202520000,0.009670501
1609202580000,-0.011223144
1609202640000,0.0063441177
1609202700000,-0.00454396
1609202760000,-0.0048899543
1609202820000,-0.0033046438
1609202880000,0.0022176572
1609202940000,-0.0034787164
1609203000000,-0.002305646
1609203060000,0.0017787387
1609203120000,-0.0014036262
1609203180000,0.0018621895
1609203240000,0.010268061
1609203300000,0.006815864
1609203360000,0.0069926768
1609203420000,0.0041016764
1609203480000,-0.004152505
1609203540000,-0.0036249366
1609203600000,0.0065468387
1609203660000,-0.0034307002
1609203720000,-0.0066459007
1609203780000,0.002193885
1609203840000,0.00045325008
1609203900000,-0.00490764
1609203960000,-0.011057164
1609204020000,-0.0012588297
1609204080000,-0.0012512096
1609204140000,-0.003039436
1609204200000,-0.0028463977
1609204260000,-0.009015498
1609204320000,-0.009074062
1609204380000,-0.005464935
1609204440000,-0.0025575152
1609204500000,-0.004873118
1609204560000,-0.0013558611
1609204620000,0.0007241484
1609204680000,-0.0039336365
1609204740000,-0.0015071803
1609204800000,-0.0036509165
1609204860000,0.00040627734
1609204920000,0.001987397
1609204980000,0.0042311773
1609205040000,0.008120026
1609205100000,0.0068829525
1609205160000,0.00584719
1609205220000,-0.0014716646
1609205280000,0.0041790255
1609205340000,-0.00015377258
1609205400000,0.002669727
1609205460000,0.0053545386
1609205520000,0.009879276
1609205580000,0.002715363
1609205640000,0.003298201
1609205700000,0.0037484802
1609205760000,0.0006820014
1609205820000,-0.001006094
1609205880000,0.00024389422
1609205940000,-0.001834098
1609206000000,-0.0031812259
1609206060000,-0.006442088
1609206120000,-0.003236485
1609206180000,-0.0018782882
1609206240000,-0.00062888325
1609206300000,-0.0011913407
1609206360000,-0.0008321508
1609206420000,-0.0037371123
1609206480000,-0.0031332218
1609206540000,-0.00079731207
1609206600000,0.0036530795
1609206660000,-0.0033213436
1609206720000,0.0038505148
1609206780000,-0.00027594122
1609206840000,0.0035206077
1609206900000,-0.0020627605
1609206960000,0.0020671524
1609207020000,0.0011273756
1609207080000,-0.0001228552
1609207140000,0.00096187554
1609207200000,0.0046539567
1609207260000,0.0006591058
1609207320000,0.00078849203
1609207380000,0.0042908187
1609207440000,0.0025812713
1609207500000,0.0030660438
1609207560000,0.007352248
1609207620000,0.008858688
1609207680000,0.008936358
1609207740000,0.004738625
1609207800000,0.0004377991
1609207860000,0.0011300175
1609207920000,-0.00025514458
1609207980000,-0.0017221195
1609208040000,-0.0028572564
1609208100000,-0.0019332506
1609208160000,-0.001195128
1609208220000,-0.0034949074
1609208280000,-0.004146226
1609208340000,-0.0004987481
1609208400000,0.0012136286
1609208460000,-0.0040820846
1609208520000,-0.002083315
1609208580000,0.00043531286
1609208640000,-0.00015866477
1609208700000,-0.00076118734
1609208760000,0.00066723715
1609208820000,0.0015681642
1609208880000,0.0027820491
1609208940000,0.005065271
1609209000000,0.007530614
1609209060000,0.0056349635
1609209120000,0.0027376385
1609209180000,0.0034872077
1609209240000,0.00044600596
1609209300000,0.0018614065
1609209360000,-4.355156e-05
1609209420000,-3.6334823e-05
1609209480000,-0.003072446
1609209540000,-0.005411982
1609209600000,-0.0019077163
1609209660000,-0.0027682444
1609209720000,-0.0017908412
1609209780000,0.001232475
1609209840000,0.0053853826
1609209900000,-0.0022873348
1609209960000,0.0018837394
1609210020000,-6.719157e-05
1609210080000,-0.0039614765
1609210140000,-0.004364106
1609210200000,0.0003099993
1609210260000,-0.0013922382
1609210320000,-0.0018407585
1609210380000,-0.00017167197
1609210440000,-0.01153096
1609210500000,-0.008758883
1609210560000,-0.0035031454
1609210620000,-0.0060877493
1609210680000,-0.005064768
1609210740000,0.00042715354
1609210800000,0.0010269783
1609210860000,0.0016371611
1609210920000,0.00028968943
1609210980000,0.0025908118
1609211040000,0.0046836515
1609211100000,0.0032825603
1609211160000,0.00071378646
1609211220000,0.00042306687
1609211280000,0.0029857652
1609211340000,-0.00010473448
1609211400000,-0.005102922
1609211460000,-0.0034553185
1609211520000,-0.00030764498
1609211580000,-0.0006526942
1609211640000,-0.00036931218
1609211700000,0.0018527488
1609211760000,0.0030595327
1609211820000,-0.00046531536
1609211880000,0.002386873
1609211940000,0.008706042
1609212000000,0.018824272
1609212060000,0.006904688
1609212120000,0.0076278467
1609212180000,0.0029928219
1609212240000,-0.00022078202
1609212300000,-0.003334483
1609212360000,0.007752349
1609212420000,-0.006690413
1609212480000,0.0028718181
1609212540000,0.0011273847
1609212600000,0.0062053236
1609212660000,0.0032419038
1609212720000,-0.0019614259
1609212780000,0.002693374
1609212840000,0.0041737524
1609212900000,-0.0053528096
1609212960000,-0.0050679594
1609213020000,0.0007517112
1609213080000,0.007183132
1609213140000,-0.004514981
1609213200000,0.0044377777
1609213260000,-0.0012389725
1609213320000,-0.0021088372
1609213380000,-0.0048071905
1609213440000,-0.00026987313
1609213500000,-0.005874813
1609213560000,-0.0048794746
1609213620000,1.7944434e-05
1609213680000,0.002359079
1609213740000,0.003082713
1609213800000,0.0069898074
1609213860000,0.0030567166
1609213920000,0.0032545375
1609213980000,0.007516091
1609214040000,0.00653553
1609214100000,0.017404364
1609214160000,0.006824552
1609214220000,0.0062142177
1609214280000,-0.0037082983
1609214340000,0.004388541
1609214400000,-0.006291845
1609214460000,-0.007437054
1609214520000,-0.0047626346
1609214580000,-0.0031915675
1609214640000,-0.0046184007
1609214700000,-0.004820819
1609214760000,-0.00078605296
1609214820000,0.006633545
1609214880000,0.00751578
1609214940000,0.0019617013
1609215000000,0.009222518
1609215060000,0.008908373
1609215120000,0.0017856212
1609215180000,0.0028849097
1609215240000,-0.003053804
1609215300000,-0.010712061
1609215360000,-0.013847476
1609215420000,-0.006199079
1609215480000,-0.007311676
1609215540000,-0.0062018675
1609215600000,-0.00030105546
1609215660000,-0.00046626487
1609215720000,0.0011425015
1609215780000,0.00025285085
1609215840000,0.004164755
1609215900000,3.1145646e-05
1609215960000,0.0019170883
1609216020000,-0.0016495724
1609216080000,-0.002771018
1609216140000,-0.0047784876
1609216200000,-0.0008703396
1609216260000,-0.0023364257
1609216320000,-0.0011281844
1609216380000,0.000829536
1609216440000,-0.0022364845
1609216500000,-0.0017029158
1609216560000,-0.00067895674
1609216620000,0.0009955236
1609216680000,-0.0017331492
1609216740000,0.0011774785
1609216800000,0.0038239874
1609216860000,0.0062338337
1609216920000,0.0035166915
1609216980000,0.0018176856
1609217040000,0.0021818755
1609217100000,0.0018027138
1609217160000,-0.0023449177
1609217220000,-0.0035921063
1609217280000,-0.0026494004
1609217340000,0.0006932142
1609217400000,0.0009726712
1609217460000,-0.0034248747
1609217520000,0.005791018
1609217580000,0.005481215
1609217640000,0.0014644396
1609217700000,0.0054129036
1609217760000,0.003298894
1609217820000,0.00055784575
1609217880000,0.00093732396
1609217940000,-0.005780529
1609218000000,-0.003888158
1609218060000,-0.0018030879
1609218120000,0.0039640116
1609218180000,0.0008153068
1609218240000,0.0026979672
1609218300000,0.0021502615
1609218360000,-0.0010153027
1609218420000,0.0015339543
1609218480000,0.010609964
1609218540000,0.0073142783
1609218600000,0.0016929229
1609218660000,0.002342106
1609218720000,0.0037962506
1609218780000,-0.0015133669
1609218840000,-0.0038996802
1609218900000,-0.003033991
1609218960000,-0.0010554199
1609219020000,-0.0037281655
1609219080000,0.0007293295
1609219140000,-0.0026937185
1609219200000,-0.005878606
1609219260000,-0.0011539718
1609219320000,0.002245306
1609219380000,-0.0018245738
1609219440000,0.00077369926
1609219500000,0.0029454401
1609219560000,0.007948466
1609219620000,-0.0019851623
1609219680000,0.0012470266
1609219740000,-0.0010294111
1609219800000,-0.0012164494
1609219860000,-0.0032620977
1609219920000,-0.0041517327
1609219980000,-0.0067446595
1609220040000,-0.005287064
1609220100000,-0.0061825044
1609220160000,-0.0052092536
1609220220000,-0.0039656055
1609220280000,-0.0020299472
1609220340000,-0.0012521781
1609220400000,-0.0006393558
1609220460000,-0.00031923343
1609220520000,-0.0022716792
1609220580000,0.0013093497
1609220640000,0.00081399985
1609220700000,-0.00024582204
1609220760000,0.0003585952
1609220820000,0.006469483
1609220880000,-0.0011028022
1609220940000,-0.0008162419
1609221000000,-0.0012827441
1609221060000,-0.0015087156
1609221120000,-0.0025762052
1609221180000,-0.0011227906
1609221240000,-0.0030183615
1609221300000,-0.0035309053
1609221360000,0.00053488853
1609221420000,-0.0015761463
1609221480000,0.003729507
1609221540000,0.0031392663
1609221600000,0.0042443266
1609221660000,0.0033046654
1609221720000,0.0031016455
1609221780000,0.0001656568
1609221840000,0.001157795
1609221900000,0.0010721686
1609221960000,0.00051248074
1609222020000,-0.00076063955
1609222080000,0.00051387766
1609222140000,0.0007084231
1609222200000,-5.2595795e-05
1609222260000,-0.0005558693
1609222320000,-3.1260948e-05
1609222380000,-0.002105104
1609222440000,-0.0029074508
1609222500000,-0.002255573
1609222560000,-0.0013672854
1609222620000,-0.0013186618
1609222680000,-0.00088663865
1609222740000,0.0011946548
1609222800000,0.00032991584
1609222860000,-0.0005350446
1609222920000,0.0024508382
1609222980000,-0.0014267733
1609223040000,0.0013818799
1609223100000,-0.0010724303
1609223160000,-8.6984e-06
1609223220000,-0.0025122126
1609223280000,0.000792226
1609223340000,0.0043851184
1609223400000,0.003672632
1609223460000,0.0028249808
1609223520000,0.00094950397
1609223580000,0.0019427586
1609223640000,-0.00046177622
1609223700000,-0.003102613
1609223760000,-0.009861252
1609223820000,-0.0057592723
1609223880000,-0.010035433
1609223940000,-0.008864405
1609224000000,-0.002717431
1609224060000,-0.0010342001
1609224120000,-0.0014540174
1609224180000,-0.0040387167
1609224240000,-0.0015157898
1609224300000,-0.001765983
1609224360000,-0.0027020045
1609224420000,0.002258275
1609224480000,0.00094863167
1609224540000,0.0004603072
1609224600000,-0.003396076
1609224660000,0.0015239688
1609224720000,0.00036382044
1609224780000,0.00073067116
1609224840000,0.00016551239
1609224900000,0.00053923315
1609224960000,-0.002564194
1609225020000,-0.0022584791
1609225080000,-0.0016474224
1609225140000,-0.0007138418
1609225200000,0.002917431
1609225260000,0.00072145363
1609225320000,-0.0021374263
1609225380000,-0.0056390055
1609225440000,-0.0065542297
1609225500000,-0.006999166
1609225560000,-0.00051441917
1609225620000,-0.0010707241
1609225680000,-0.00014892142
1609225740000,-0.00060799194
1609225800000,0.00076693104
1609225860000,-0.0031750859
1609225920000,-0.0064491583
1609225980000,7.647306e-06
1609226040000,-0.00011518336
1609226100000,0.0012801172
1609226160000,0.007115778
1609226220000,0.0069880756
1609226280000,0.004055643
1609226340000,0.0023623179
1609226400000,-0.00090098934
1609226460000,0.0018364884
1609226520000,0.004157574
1609226580000,0.007737076
1609226640000,0.0055412315
1609226700000,0.0019637025
1609226760000,0.0016736793
1609226820000,-0.0054076733
1609226880000,-0.0047789393
1609226940000,-0.002362394
1609227000000,-0.0031844191
1609227060000,-0.0014051186
1609227120000,0.0026177757
1609227180000,0.0067643514
1609227240000,0.00557712
1609227300000,0.008505822
1609227360000,-0.00094254606
1609227420000,0.0053690164
1609227480000,0.003296725
1609227540000,0.0005028782
1609227600000,-0.00024981864
1609227660000,0.0014074907
1609227720000,0.0006641417
1609227780000,-0.0011520699
1609227840000,0.0010117665
1609227900000,-0.00076693564
1609227960000,0.0020500892
1609228020000,0.00811306
1609228080000,0.0072348677
1609228140000,0.0013928965
1609228200000,0.0017745576
1609228260000,-0.0033505922
1609228320000,-0.0033211785
1609228380000,-0.0021215996
1609228440000,-0.0059137624
1609228500000,-0.0061752996
1609228560000,-0.0032899487
1609228620000,-0.0049464484
1609228680000,-0.0010122058
1609228740000,-0.0047503724
1609228800000,-0.0056571136
1609228860000,-0.0063983025
1609228920000,-0.0046103476
1609228980000,-0.004203214
1609229040000,1.158341e-05
1609229100000,-0.0026718758
1609229160000,-0.0013790282
1609229220000,-0.0056213215
1609229280000,-0.0056506763
1609229340000,-0.0029968957
1609229400000,-0.007383076
1609229460000,-0.005104813
1609229520000,-0.004485173
1609229580000,0.0055817068
1609229640000,-0.0027113226
1609229700000,0.0011667061
1609229760000,0.0010942937
1609229820000,0.0062076054
1609229880000,0.004551181
1609229940000,0.0015303405
1609230000000,0.0012352623
1609230060000,0.0035410237
1609230120000,0.0021454603
1609230180000,-0.0018181446
1609230240000,0.0029555873
1609230300000,0.006257184
1609230360000,-0.0019438926
1609230420000,-0.0035072637
1609230480000,0.0014823974
1609230540000,-0.0019638669
1609230600000,-0.0011400485
1609230660000,-0.00023302386
1609230720000,0.0008973812
1609230780000,0.0013624026
1609230840000,0.0027748975
1609230900000,-0.0014692784
1609230960000,-0.0035436642
1609231020000,0.0012105396
1609231080000,-0.0017380534
1609231140000,0.0030574885
1609231200000,0.00039378216
1609231260000,0.0016323498
1609231320000,-0.0034647097
1609231380000,-0.0035065114
1609231440000,-0.00329869
1609231500000,-0.006961765
1609231560000,-0.0051774853
1609231620000,-0.004524104
1609231680000,0.00061652984
1609231740000,0.004044859
1609231800000,0.0017628516
1609231860000,0.0031419764
1609231920000,0.004431068
1609231980000,0.0035307212
1609232040000,0.0078090113
1609232100000,0.00628814
1609232160000,0.004110712
1609232220000,0.0021345785
1609232280000,-0.0014999827
1609232340000,-0.0049397764
1609232400000,-0.004918205
1609232460000,-0.0011875178
1609232520000,-0.003610787
1609232580000,-0.001176732
1609232640000,0.0009824429
1609232700000,0.0014980983
1609232760000,0.00097091973
1609232820000,0.0064640446
1609232880000,0.0034931102
1609232940000,0.009065765
1609233000000,0.0077393753
1609233060000,0.0042334204
1609233120000,5.4994754e-05
1609233180000,0.0010790647
1609233240000,0.0016452424
1609233300000,-0.005259717
1609233360000,-0.005257217
1609233420000,-0.005741069
1609233480000,-0.004791101
1609233540000,-0.0080158105
1609233600000,-0.0019929656
1609233660000,-0.0043211686
1609233720000,-0.0012618075
1609233780000,0.0015188778
1609233840000,0.001295932
1609233900000,-0.0005700732
1609233960000,-0.00064342667
1609234020000,0.004654022
1609234080000,0.002457107
1609234140000,-0.0022285453
1609234200000,-0.00027602416
1609234260000,0.006875815
1609234320000,-0.007285995
1609234380000,-0.0059916656
1609234440000,0.0002767931
1609234500000,-0.0022648724
1609234560000,-0.0066832025
1609234620000,-0.0011961644
1609234680000,-0.005894178
1609234740000,0.0019228477
1609234800000,0.005723492
1609234860000,0.0018931612
1609234920000,0.0019737717
1609234980000,0.004455581
1609235040000,-0.0021625997
1609235100000,0.0032658866
1609235160000,4.39427e-06
1609235220000,-0.0020611584
1609235280000,0.003122422
1609235340000,0.0054914984
1609235400000,-0.0018465613
1609235460000,0.0017413223
1609235520000,-0.002960785
1609235580000,0.0003707044
1609235640000,-0.0040517543
1609235700000,-0.002242683
1609235760000,-0.0022185743
1609235820000,-8.064687e-05
1609235880000,-0.0023441068
1609235940000,-0.0015436441
1609236000000,-0.004223542
1609236060000,-0.0014293613
1609236120000,-0.0007800286
1609236180000,0.0013045893
1609236240000,-0.0009953679
1609236300000,0.00042406502
1609236360000,-0.010700026
1609236420000,-0.008530604
1609236480000,0.0004561739
1609236540000,0.00769938
1609236600000,-0.0017241926
1609236660000,0.0077006994
1609236720000,0.0014324785
1609236780000,0.0025257815
1609236840000,-0.00029796822
1609236900000,-8.053029e-05
1609236960000,0.00079443754
1609237020000,0.0012827058
1609237080000,0.0019587362
1609237140000,-0.0017657768
1609237200000,0.0035703208
1609237260000,0.0031801902
1609237320000,-0.0003465773
1609237380000,0.00046051876
1609237440000,0.0008694534
1609237500000,-0.00046913812
1609237560000,-0.0032684403
1609237620000,-0.0051889103
1609237680000,-0.0031346388
1609237740000,-0.0011031544
1609237800000,-0.0005463811
1609237860000,0.0013011994
1609237920000,0.0005962188
1609237980000,0.0031260017
1609238040000,0.0024363159
1609238100000,0.00092954456
1609238160000,0.00052193855
1609238220000,0.000108833956
1609238280000,0.0021259948
1609238340000,0.00095423165
1609238400000,0.0006808719
1609238460000,0.0031674171
1609238520000,0.0019616766
1609238580000,0.0062204488
1609238640000,0.0043172496
1609238700000,0.0016987335
1609238760000,-0.00298101
1609238820000,9.662475e-05
1609238880000,-0.0012796236
1609238940000,-0.0009826379
1609239000000,-0.005658731
1609239060000,-0.0024502075
1609239120000,6.607805e-05
1609239180000,-0.0017575874
1609239240000,-0.002475144
1609239300000,-0.0005636989
1609239360000,0.0028025105
1609239420000,-0.00048318226
1609239480000,-0.0002782606
1609239540000,0.00035028567
1609239600000,0.00037880958
1609239660000,-0.00021377922
1609239720000,0.002571036
1609239780000,0.0005592349
1609239840000,-0.00014864575
1609239900000,-0.0011329413
1609239960000,-0.0023805215
1609240020000,-0.0022862742
1609240080000,-0.0004985775
1609240140000,-0.00072963117
1609240200000,0.0003182387
1609240260000,-0.0015540773
1609240320000,-0.00343959
1609240380000,-0.0037983235
1609240440000,-0.002505778
1609240500000,-0.0077203736
1609240560000,0.0001371982
1609240620000,-0.0046462105
1609240680000,-0.0039794827
1609240740000,-0.0042076893
1609240800000,0.0030186442
1609240860000,0.0016053936
1609240920000,0.0009967361
1609240980000,0.00036863505
1609241040000,0.0035823178
1609241100000,0.0037634035
1609241160000,0.0009228992
1609241220000,0.0011619481
1609241280000,0.00051561784
1609241340000,-0.0003205842
1609241400000,-0.0006640424
1609241460000,0.00059514283
1609241520000,0.0048793475
1609241580000,0.0059634564
1609241640000,0.009758703
1609241700000,0.011064588
1609241760000,0.0058307527
1609241820000,0.0048484798
1609241880000,0.0015477849
1609241940000,-0.0014328087
1609242000000,-0.0063242773
1609242060000,-0.002057363
1609242120000,-0.0016123401
1609242180000,0.003285374
1609242240000,-0.00064912846
1609242300000,-0.0016786467
1609242360000,0.0058847074
1609242420000,0.011410606
1609242480000,0.004665757
1609242540000,0.0016380769
1609242600000,0.004677209
1609242660000,0.0011772648
1609242720000,-0.00028020283
1609242780000,-0.0049807844
1609242840000,-0.004971129
1609242900000,-0.0040624877
1609242960000,-0.00042192495
1609243020000,-0.0058485917
1609243080000,-0.0026516248
1609243140000,-0.0029568453
1609243200000,0.0030068795
1609243260000,-0.0036281121
1609243320000,-0.006062432
1609243380000,-0.003884961
1609243440000,-0.0011566879
1609243500000,-0.00544592
1609243560000,-0.0037382112
1609243620000,0.00076638116
1609243680000,-0.0029091423
1609243740000,-0.01125978
1609243800000,0.0006951958
1609243860000,0.003843713
1609243920000,0.0008982227
1609243980000,-0.0009865102
1609244040000,0.0037357993
1609244100000,0.00031392198
1609244160000,0.0025723106
1609244220000,0.00010429196
1609244280000,0.003201705
1609244340000,0.002302425
1609244400000,0.0014414407
1609244460000,-1.10405845e-05
1609244520000,0.00036229083
1609244580000,-0.0032599375
1609244640000,-0.0034415945
1609244700000,-0.0053701396
1609244760000,-0.0056986483
1609244820000,-0.005939884
1609244880000,-0.0036683206
1609244940000,-0.0036246437
1609245000000,0.0003349094
1609245060000,-2.9337229e-05
1609245120000,0.0052076923
1609245180000,0.0017126432
1609245240000,0.0015873824
1609245300000,-0.0017042385
1609245360000,-0.00061278744
1609245420000,-0.0018965511
1609245480000,-0.0056869253
1609245540000,-0.0029419635
1609245600000,-0.0011152005
1609245660000,-0.0009142618
1609245720000,0.0008674239
1609245780000,0.0077429996
1609245840000,0.0039585275
1609245900000,-0.0024335012
1609245960000,-0.006434043
1609246020000,-0.0047630323
1609246080000,-0.0088052545
1609246140000,-0.008338502
1609246200000,-0.0018374631
1609246260000,-0.0043087318
1609246320000,-0.0037197128
1609246380000,-0.0091041
1609246440000,-0.0040788883
1609246500000,-0.010282843
1609246560000,-0.009431878
1609246620000,-0.005999601
1609246680000,-0.004737251
1609246740000,-0.008034349
1609246800000,0.0024292325
1609246860000,0.0017717557
1609246920000,0.00023128554
1609246980000,0.001289375
1609247040000,0.0016435176
1609247100000,-0.0021300686
1609247160000,-0.0067007854
1609247220000,-0.008940423
1609247280000,-0.0023020844
1609247340000,-0.0014054928
1609247400000,-0.0028941038
1609247460000,0.0018927656
1609247520000,0.0027862827
1609247580000,0.008198158
1609247640000,-0.0021483167
1609247700000,0.0054627424
1609247760000,0.009913446
1609247820000,0.00700387
1609247880000,-0.0052602156
1609247940000,-0.002870402
1609248000000,-0.004042521
1609248060000,-0.0024555041
1609248120000,-0.004143539
1609248180000,0.0030212617
1609248240000,0.00065538054
1609248300000,0.003773816
1609248360000,0.0041830656
1609248420000,0.00014625516
1609248480000,0.0015554813
1609248540000,-0.0006083349
1609248600000,-7.822566e-05
1609248660000,-0.0011686587
1609248720000,-7.041287e-05
1609248780000,-0.0012231614
1609248840000,-0.0012037584
1609248900000,-0.0044009336
1609248960000,-0.0035265028
1609249020000,-0.0020123601
1609249080000,-0.0061738905
1609249140000,0.0007223486
1609249200000,0.005380021
1609249260000,0.0006955636
1609249320000,0.00017336305
1609249380000,0.0014962124
1609249440000,-0.002181536
1609249500000,-0.0008062024
1609249560000,-0.002022494
1609249620000,-0.002522295
1609249680000,0.00046557534
1609249740000,0.0011373688
1609249800000,-0.00038246106
1609249860000,0.00056883646
1609249920000,0.0020379494
1609249980000,-0.0005441794
1609250040000,0.0001037999
1609250100000,0.00025148437
1609250160000,-0.00086819666
1609250220000,-0.001071953
1609250280000,0.0007489225
1609250340000,0.001814137
1609250400000,-0.0018952467
1609250460000,0.0023516484
1609250520000,0.0010069396
1609250580000,0.004787747
1609250640000,0.0025958798
1609250700000,0.0072433786
1609250760000,0.009706549
1609250820000,0.004049478
1609250880000,0.0026405146
1609250940000,0.0028035804
1609251000000,-0.0009949205
1609251060000,-0.0029628694
1609251120000,-0.0015727855
1609251180000,0.0031475818
1609251240000,0.0019059953
1609251300000,-0.00024079124
1609251360000,-0.0003948149
1609251420000,-0.00026317674
1609251480000,-0.0024035156
1609251540000,-0.005749685
1609251600000,-0.0027051996
1609251660000,-0.0012019562
1609251720000,-0.0015701063
1609251780000,-0.0041099917
1609251840000,-0.0020069075
1609251900000,0.0004994874
1609251960000,-0.00051427603
1609252020000,0.0005838585
1609252080000,0.00079511624
1609252140000,-5.8412385e-05
1609252200000,-0.003431871
1609252260000,-0.0058049723
1609252320000,-0.0071436185
1609252380000,-0.0044729365
1609252440000,-0.0014953814
1609252500000,-0.0014980582
1609252560000,-0.0005145303
1609252620000,0.00027350982
1609252680000,-0.0010041911
1609252740000,0.002044343
1609252800000,0.006703826
1609252860000,0.006553776
1609252920000,0.004550873
1609252980000,0.00521335
1609253040000,0.0043231337
1609253100000,0.001669999
1609253160000,0.0012162013
1609253220000,0.004398549
1609253280000,-0.00081304053
1609253340000,0.004201036
1609253400000,-0.0037563522
1609253460000,-0.003129567
1609253520000,2.1342536e-05
1609253580000,0.0037842111
1609253640000,0.0016639589
1609253700000,0.007942437
1609253760000,0.0053790878
1609253820000,0.004635802
1609253880000,0.005308327
1609253940000,-0.001555764
1609254000000,0.0032726906
1609254060000,0.003872263
1609254120000,-0.00667831
1609254180000,-0.017025037
1609254240000,-0.007699261
1609254300000,-0.0030647675
1609254360000,-0.005797361
1609254420000,-0.0019695456
1609254480000,-0.0003065312
1609254540000,-0.0024473232
1609254600000,-0.00037078664
1609254660000,-0.0005253597
1609254720000,0.0024236727
1609254780000,0.0025909508
1609254840000,-0.00028308327
1609254900000,0.005828229
1609254960000,0.004267338
1609255020000,0.0014708579
1609255080000,0.0014439333
1609255140000,0.0049801674
1609255200000,-0.0036312665
1609255260000,-6.9960384e-05
1609255320000,0.0045751836
1609255380000,0.007855342
1609255440000,-0.0017295313
1609255500000,0.004530242
1609255560000,0.0061229267
1609255620000,0.0022729659
1609255680000,-0.0004978231
1609255740000,-0.0020237882
1609255800000,-0.004714522
1609255860000,-0.002806844
1609255920000,-0.0030730637
1609255980000,-0.0023431228
1609256040000,-0.0017394907
1609256100000,0.0021161588
1609256160000,-0.0026996094
1609256220000,0.00039567178
1609256280000,-0.0028511798
1609256340000,0.0027816712
1609256400000,0.0033986506
1609256460000,0.0030574733
1609256520000,0.008533274
1609256580000,0.009780858
1609256640000,0.006120012
1609256700000,0.0027656013
1609256760000,0.0035796773
1609256820000,-0.002230619
1609256880000,0.00046474353
1609256940000,0.0036060342
1609257000000,0.0053026266
1609257060000,0.003484033
1609257120000,0.001042196
1609257180000,0.0015849291
1609257240000,-0.0011763452
1609257300000,0.0024781001
1609257360000,0.004714172
1609257420000,0.0028991052
1609257480000,0.00046614118
1609257540000,0.0022232214
1609257600000,0.010027818
1609257660000,0.006201117
1609257720000,0.0026179554
1609257780000,0.0074876035
1609257840000,0.0028510205
1609257900000,0.0021838765
1609257960000,0.0014657193
1609258020000,-0.0039811754
1609258080000,0.0013512267
1609258140000,-0.001648251
1609258200000,0.0037241753
1609258260000,0.003467212
1609258320000,0.0021652426
1609258380000,-0.0029721272
1609258440000,-0.003817166
1609258500000,-0.009055734
1609258560000,-0.0073292237
1609258620000,-0.0023834158
1609258680000,-0.0027759958
1609258740000,-0.0011892021
1609258800000,0.001052158
1609258860000,-0.0047705867
1609258920000,-0.0021726529
1609258980000,-0.0011501119
1609259040000,-0.0022406825
1609259100000,0.001352992
1609259160000,0.003035044
1609259220000,0.002857485
1609259280000,0.0035450712
1609259340000,0.0012410244
1609259400000,-0.0051740417
1609259460000,0.0051750494
1609259520000,-0.0034132097
1609259580000,-0.0030839029
1609259640000,-0.0055958
1609259700000,0.00017412622
1609259760000,-0.0014944465
1609259820000,0.004724933
1609259880000,-0.0013938018
1609259940000,0.0043642204
1609260000000,-0.0006368656
1609260060000,0.0019512278
1609260120000,-0.0035734617
1609260180000,-0.0008812948
1609260240000,-0.0011353414
1609260300000,-0.0024286155
1609260360000,-0.006362354
1609260420000,-0.0011860365
1609260480000,-0.001703467
1609260540000,-0.004208293
1609260600000,-0.0016319139
1609260660000,0.0017185676
1609260720000,0.0014632653
1609260780000,-0.001040949
1609260840000,0.0029524437
1609260900000,0.0009415852
1609260960000,-0.0034785639
1609261020000,-0.004017178
1609261080000,-0.001093018
1609261140000,-0.001265647
1609261200000,0.0016605471
1609261260000,3.7797487e-05
1609261320000,0.0009705314
1609261380000,0.0017109277
1609261440000,0.0026245615
1609261500000,0.003870463
1609261560000,0.0036486017
1609261620000,0.0010489261
1609261680000,0.0019836144
1609261740000,0.0026554277
1609261800000,0.0005518714
1609261860000,0.0097356
1609261920000,0.004421326
1609261980000,0.0024857752
1609262040000,-0.0012597536
1609262100000,-0.0051230453
1609262160000,-0.0020809723
1609262220000,-0.002060127
1609262280000,0.0030901136
1609262340000,0.0029936098
1609262400000,-0.0004347666
1609262460000,-0.0037918529
1609262520000,-0.0011130708
1609262580000,-0.0022614787
1609262640000,-0.0044137626
1609262700000,-0.0034652126
1609262760000,-7.615707e-05
1609262820000,-0.005930468
1609262880000,-0.0036628307
1609262940000,-0.0025581045
1609263000000,0.0001652784
1609263060000,-4.2900254e-05
1609263120000,0.0012967957
1609263180000,0.0047618034
1609263240000,0.008116379
1609263300000,0.00196172
1609263360000,0.0020974607
1609263420000,0.001730937
1609263480000,0.003481869
1609263540000,0.0030715289
1609263600000,-0.00034493802
1609263660000,0.0032070377
1609263720000,0.0043411916
1609263780000,-3.362033e-05
1609263840000,0.00090567366
1609263900000,0.0074937176
1609263960000,0.0066569434
1609264020000,-0.0004267207
1609264080000,0.0017982773
1609264140000,0.0004629773
1609264200000,-0.002426417
1609264260000,-0.0014883074
1609264320000,0.00068406435
1609264380000,0.007193812
1609264440000,-0.00024496965
1609264500000,0.0067404397
1609264560000,-0.0001878584
1609264620000,-0.0029153079
1609264680000,-8.4707426e-05
1609264740000,0.0027815695
1609264800000,-0.0038532997
1609264860000,-0.003412231
1609264920000,-9.156775e-05
1609264980000,-0.0006341015
1609265040000,-0.0022493529
1609265100000,0.00021345618
1609265160000,-0.0017257631
1609265220000,0.000577386
1609265280000,-0.001680987
1609265340000,-0.0040154564
1609265400000,0.00024685962
1609265460000,-0.001257929
1609265520000,-0.0014231397
1609265580000,0.004692181
1609265640000,0.004217095
1609265700000,0.003221201
1609265760000,0.007578322
1609265820000,0.0015204101
1609265880000,0.0016505552
1609265940000,0.0011252922
1609266000000,0.0024280932
1609266060000,0.0008491581
1609266120000,-0.0019447727
1609266180000,-0.0017885895
1609266240000,0.00039383673
1609266300000,0.00022220687
1609266360000,-0.0017221245
1609266420000,0.0031658402
1609266480000,-0.0005395327
1609266540000,0.0011813935
1609266600000,0.0011014149
1609266660000,0.0011318283
1609266720000,0.0013187518
1609266780000,0.0009479726
1609266840000,0.0008300972
1609266900000,0.0012399472
1609266960000,0.001116524
1609267020000,-0.0026210852
1609267080000,-0.0051625357
1609267140000,-0.002740453
1609267200000,-0.0042475727
1609267260000,-0.0060915095
1609267320000,-0.0036925862
1609267380000,-0.0025046414
1609267440000,0.0017516006
1609267500000,-0.0041467776
1609267560000,-0.001971533
1609267620000,-0.00010703406
1609267680000,-0.0026086587
1609267740000,0.0013981723
1609267800000,-5.9272577e-05
1609267860000,-0.0017525359
1609267920000,-0.0021791516
1609267980000,0.0010207932
1609268040000,-0.0022794043
1609268100000,-0.003108362
1609268160000,-0.007276095
1609268220000,-0.010128098
1609268280000,-0.0043411185
1609268340000,-0.0020370246
1609268400000,-0.005640648
1609268460000,-0.0035017887
1609268520000,0.006557071
1609268580000,3.7009077e-06
1609268640000,-0.0017737091
1609268700000,-0.00054690056
1609268760000,0.00091739994
1609268820000,-0.002840257
1609268880000,-0.0026470541
1609268940000,-0.0020922688
1609269000000,-0.0018230531
1609269060000,-0.0029344126
1609269120000,-0.0020137304
1609269180000,-0.0011773639
1609269240000,-0.00015760059
1609269300000,0.0044328677
1609269360000,0.0072886287
1609269420000,0.007028094
1609269480000,0.003538843
1609269540000,0.0022434632
1609269600000,0.003235245
1609269660000,0.0002281234
1609269720000,-0.0011246616
1609269780000,-0.002262736
1609269840000,0.0017131125
1609269900000,0.0030987367
1609269960000,0.0016029106
1609270020000,-0.00010165386
1609270080000,-0.0008323319
1609270140000,-0.003470789
1609270200000,-0.0036902255
1609270260000,-0.0014323385
1609270320000,-0.0056282226
1609270380000,-0.0010077567
1609270440000,0.002849229
1609270500000,-0.0010583431
1609270560000,0.0020367985
1609270620000,0.0028940204
1609270680000,0.0015219495
1609270740000,0.001661867
1609270800000,-0.00011296584
1609270860000,0.0008523357
1609270920000,-0.0020166175
1609270980000,-0.003516119
1609271040000,-0.0011971232
1609271100000,-0.0015977627
1609271160000,-0.0018517937
1609271220000,0.0014377551
1609271280000,0.0037212847
1609271340000,0.0024234094
1609271400000,0.00065138476
1609271460000,0.0005164325
1609271520000,-0.0005339597
1609271580000,0.0014910515
1609271640000,-0.0010594801
1609271700000,-0.0018765734
1609271760000,-0.0021629748
1609271820000,-0.00079029857
1609271880000,-0.0005832693
1609271940000,-0.00043056076
1609272000000,0.0038178393
1609272060000,0.0048626745
1609272120000,0.010684108
1609272180000,0.009761302
1609272240000,0.010404722
1609272300000,0.0056767673
1609272360000,0.0006619456
1609272420000,0.00024578493
1609272480000,-0.0028361958
1609272540000,0.00025963582
1609272600000,-0.002387385
1609272660000,-0.0036189645
1609272720000,-0.00037672432
1609272780000,-0.0015008396
1609272840000,0.0020596518
1609272900000,0.010371551
1609272960000,0.0069673304
1609273020000,0.0044862083
1609273080000,0.0031585274
1609273140000,0.002052831
1609273200000,0.0017840437
1609273260000,0.00062676443
1609273320000,0.0022191596
1609273380000,0.0008562684
1609273440000,0.0036773395
1609273500000,-0.0012038614
1609273560000,0.0011747929
1609273620000,0.0014285836
1609273680000,0.0008431667
1609273740000,-0.0006553258
1609273800000,-0.0011532285
1609273860000,-0.0005171571
1609273920000,-0.0009533709
1609273980000,-0.0011464943
1609274040000,0.000776934
1609274100000,-0.00072396727
1609274160000,0.0020940693
1609274220000,0.0066669183
1609274280000,0.0049492656
1609274340000,0.0016720373
1609274400000,0.004363368
1609274460000,0.0034052266
1609274520000,-0.0028734596
1609274580000,-0.0011543204
1609274640000,-0.003154176
1609274700000,-0.006243666
1609274760000,-0.0038892876
1609274820000,-0.0016679564
1609274880000,0.0009186576
1609274940000,0.00014139696
1609275000000,0.0020734617
1609275060000,-0.0022438918
1609275120000,-0.00022680697
1609275180000,0.0011199669
1609275240000,-0.0006969063
1609275300000,-0.0032884837
1609275360000,-0.00051845546
1609275420000,0.0008186757
1609275480000,-0.0012575644
1609275540000,0.00064618763
1609275600000,-1.1892525e-05
1609275660000,0.00064779934
1609275720000,0.0008801838
1609275780000,0.0004246209
1609275840000,0.0002597642
1609275900000,0.0007730988
1609275960000,-0.0007136197
1609276020000,-0.0024082526
1609276080000,-0.0031356523
1609276140000,-0.0008680808
1609276200000,-0.0012212822
1609276260000,-0.0020759453
1609276320000,-0.00087398995
1609276380000,2.9989184e-05
1609276440000,-0.0045827227
1609276500000,-0.004114844
1609276560000,-0.005302232
1609276620000,-0.0018938135
1609276680000,-0.003771691
1609276740000,-0.002842027
1609276800000,-0.005310028
1609276860000,-0.00078470877
1609276920000,0.0023505427
1609276980000,-0.0025027527
1609277040000,-0.00088877
1609277100000,-0.0008872297
1609277160000,-0.0018926886
1609277220000,-0.0028969557
1609277280000,-0.001930085
1609277340000,-0.004034922
1609277400000,-0.00063690863
1609277460000,-0.0005011756
1609277520000,0.0017627705
1609277580000,0.0002835159
1609277640000,0.002673971
1609277700000,0.002762784
1609277760000,0.00088239537
1609277820000,-0.0010958432
1609277880000,-0.0016326414
1609277940000,-2.0551024e-05
1609278000000,-0.0018768724
1609278060000,0.00022193315
1609278120000,1.8142679e-05
1609278180000,0.0017869127
1609278240000,-0.00019845412
1609278300000,-0.0025520974
1609278360000,5.5924513e-05
1609278420000,-0.0031114614
1609278480000,-0.0029526309
1609278540000,0.00012347141
1609278600000,0.0013447645
1609278660000,-0.0024834424
1609278720000,-0.00043670615
1609278780000,0.0034296222
1609278840000,-0.0007327918
1609278900000,0.0013412447
1609278960000,0.0006225377
1609279020000,0.0012206675
1609279080000,-0.0001668058
1609279140000,0.0025946717
1609279200000,0.0035430603
1609279260000,0.00094487023
1609279320000,0.003646793
1609279380000,0.004909734
1609279440000,0.00032136365
1609279500000,3.621215e-05
1609279560000,0.0010799745
1609279620000,0.00016121581
1609279680000,0.0019444274
1609279740000,0.0015803927
1609279800000,0.00016843498
1609279860000,0.001304776
1609279920000,-5.7309575e-05
1609279980000,-0.0007052682
1609280040000,0.0005183229
1609280100000,-0.00049666245
1609280160000,-0.0008446372
1609280220000,-0.0010724303
1609280280000,-0.0022219368
1609280340000,-0.0029855487
1609280400000,-0.0032302018
1609280460000,-0.0075594797
1609280520000,-0.0075049866
1609280580000,-0.0055172
1609280640000,-0.00344443
1609280700000,-0.00081015896
1609280760000,0.00016161444
1609280820000,-0.0038604767
1609280880000,0.0012314712
1609280940000,-0.002477569
1609281000000,0.00041623673
1609281060000,0.003674547
1609281120000,0.004290004
1609281180000,0.0077997735
1609281240000,0.0012349209
1609281300000,0.0059024254
1609281360000,0.002867387
1609281420000,-0.001143758
1609281480000,0.00044679144
1609281540000,0.0007478692
1609281600000,0.0021311133
1609281660000,0.0024444845
1609281720000,0.0032684284
1609281780000,0.00032238508
1609281840000,0.0015224303
1609281900000,-0.0005232674
1609281960000,0.001516441
1609282020000,-0.0062007424
1609282080000,-0.008087376
1609282140000,-0.004745513
1609282200000,-0.0028948972
1609282260000,-0.004983647
1609282320000,-0.0017728254
1609282380000,0.0010421664
1609282440000,-0.0024606027
1609282500000,5.5007287e-05
1609282560000,-0.00075475837
1609282620000,0.004385759
1609282680000,0.0042431094
1609282740000,0.0041708266
1609282800000,0.0018631666
1609282860000,0.0014069106
1609282920000,0.0046698465
1609282980000,0.0066141794
1609283040000,-0.00088802254
1609283100000,0.0037263094
1609283160000,0.007536828
1609283220000,0.0013531182
1609283280000,-0.002751442
1609283340000,-0.0006425828
1609283400000,-0.0015256233
1609283460000,-0.001694959
1609283520000,-0.0014934922
1609283580000,-0.00054683647
1609283640000,-0.000941853
1609283700000,-0.00047015806
1609283760000,0.00048628295
1609283820000,-0.002384321
1609283880000,-0.0016713011
1609283940000,-0.0014341589
1609284000000,-0.0009255568
1609284060000,0.0007218165
1609284120000,0.005221407
1609284180000,0.0013045134
1609284240000,0.0024119585
1609284300000,0.001186773
1609284360000,0.0016084689
1609284420000,0.00042908423
1609284480000,-0.00069560827
1609284540000,0.0007196007
1609284600000,-0.00050189154
1609284660000,-0.0024780615
1609284720000,-0.0011283895
1609284780000,-0.00077871245
1609284840000,0.00010028134
1609284900000,-0.0024004173
1609284960000,-0.0037524502
1609285020000,-5.2964015e-06
1609285080000,-0.0018706083
1609285140000,-0.0021132699
1609285200000,-0.0017745056
1609285260000,-0.004312345
1609285320000,-0.012347593
1609285380000,-0.008320649
1609285440000,-0.005751598
1609285500000,-0.0074690436
1609285560000,-0.0077975155
1609285620000,-0.013318498
1609285680000,-0.0013727779
1609285740000,0.0013773018
1609285800000,0.00017557343
1609285860000,0.001836203
1609285920000,0.0056162574
1609285980000,0.007807701
1609286040000,0.00069170154
1609286100000,0.0046872008
1609286160000,0.0029928016
1609286220000,0.0005805319
1609286280000,0.0021684507
1609286340000,0.007586379
1609286400000,-0.0008944521
1609286460000,0.0026575525
1609286520000,-0.0034121585
1609286580000,0.00295548
1609286640000,-0.0029851745
1609286700000,0.0022736771
1609286760000,-0.0012640317
1609286820000,0.0028764617
1609286880000,0.004884282
1609286940000,0.006755331
1609287000000,-0.0006827858
1609287060000,0.004611118
1609287120000,0.0050618732
1609287180000,0.0028397008
1609287240000,0.0042341137
1609287300000,0.0048117177
1609287360000,0.007887035
1609287420000,0.002952383
1609287480000,0.00565198
1609287540000,0.0054070423
1609287600000,-0.0010441353
1609287660000,0.0023785322
1609287720000,0.0046573505
1609287780000,0.002742999
1609287840000,0.0024506033
1609287900000,0.004450193
1609287960000,-0.0017512899
1609288020000,0.0043159085
1609288080000,0.005604374
1609288140000,0.0077915112
1609288200000,0.0016515685
1609288260000,0.0042348984
1609288320000,0.0030118357
1609288380000,0.0005471985
1609288440000,-0.0017319445
1609288500000,-0.00037571226
1609288560000,-0.004546902
1609288620000,-0.011752701
1609288680000,-0.009512587
1609288740000,-0.0047168345
1609288800000,-0.0030502726
1609288860000,-0.0034470595
1609288920000,-0.00409521
1609288980000,-0.0025789104
1609289040000,-0.001815613
1609289100000,-0.0011827934
1609289160000,-0.003097955
1609289220000,-0.0026190893
1609289280000,-0.00096652686
1609289340000,0.002329297
1609289400000,0.0049721193
1609289460000,0.0040570754
1609289520000,0.0016259704
1609289580000,0.0020966579
1609289640000,-0.005043808
1609289700000,-0.0023381657
1609289760000,-0.0023771476
1609289820000,-0.00016106581
1609289880000,0.00026872117
1609289940000,0.0014733876
1609290000000,0.0032050186
1609290060000,-0.002253527
1609290120000,-0.0037141833
1609290180000,-0.002875526
1609290240000,-0.0009053996
1609290300000,-0.0019003702
1609290360000,-0.0009414569
1609290420000,-0.00017168358
1609290480000,0.004468584
1609290540000,0.0030290226
1609290600000,0.0010580007
1609290660000,0.0006471071
1609290720000,0.0036407828
1609290780000,-0.0016187383
1609290840000,-0.001517781
1609290900000,-0.0006891107
1609290960000,0.0007186773
1609291020000,-0.0008297416
1609291080000,-0.00066874974
1609291140000,0.0010467411
1609291200000,0.0008354906
1609291260000,-0.0010816776
1609291320000,-0.0026522374
1609291380000,-0.00083268434
1609291440000,-0.0034996287
1609291500000,-0.0019376418
1609291560000,-0.008392713
1609291620000,-0.0076022474
1609291680000,-0.0063140555
1609291740000,-0.0046559987
1609291800000,-0.007527618
1609291860000,-0.007873583
1609291920000,-0.0035253174
1609291980000,-0.00082219334
1609292040000,0.000756065
1609292100000,0.0010337237
1609292160000,0.003001433
1609292220000,0.0036282425
1609292280000,0.005341731
1609292340000,0.00036607258
1609292400000,-0.0010476594
1609292460000,-0.0021262993
1609292520000,0.0011746737
1609292580000,-0.0035124116
1609292640000,0.00052029075
1609292700000,0.0010612442
1609292760000,0.0012924251
1609292820000,0.00015653383
1609292880000,-0.0006106771
1609292940000,0.0014304006
1609293000000,0.000923144
1609293060000,0.00093424413
1609293120000,0.0046571954
1609293180000,0.0048912307
1609293240000,0.0012749517
1609293300000,0.0042584664
1609293360000,0.004016504
1609293420000,0.0011229105
1609293480000,0.003876901
1609293540000,0.0049575726
1609293600000,0.0018621394
1609293660000,-0.0022349304
1609293720000,0.0027175958
1609293780000,-0.0004934247
1609293840000,0.00019181287
1609293900000,0.00039291888
1609293960000,0.008655054
1609294020000,0.002633737
1609294080000,0.003985641
1609294140000,0.00019190478
1609294200000,0.0020450677
1609294260000,-0.002161603
1609294320000,0.001079216
1609294380000,0.0003824235
1609294440000,-0.00012327939
1609294500000,-0.0041232877
1609294560000,0.0015387642
1609294620000,0.006078925
1609294680000,0.006045396
1609294740000,0.004674981
1609294800000,0.004893852
1609294860000,0.003533584
1609294920000,0.0039189877
1609294980000,0.0054054665
1609295040000,0.0013672315
1609295100000,3.6653215e-05
1609295160000,0.0005695674
1609295220000,0.00058751676
1609295280000,-0.0011283853
1609295340000,0.00071090076
1609295400000,-0.0013135119
1609295460000,-0.0022958412
1609295520000,0.0008452955
1609295580000,-0.0024760338
1609295640000,0.0029240071
1609295700000,0.006762696
1609295760000,0.0018763224
1609295820000,0.0036202266
1609295880000,0.0059303455
1609295940000,0.003279839
1609296000000,0.00049098255
1609296060000,0.007120154
1609296120000,0.0005880969
1609296180000,0.0025515126
1609296240000,0.0037498053
1609296300000,0.003494677
1609296360000,0.00044023065
1609296420000,0.0015434556
1609296480000,0.0011258164
1609296540000,-0.000864998
1609296600000,0.0007105422
1609296660000,0.002103411
1609296720000,-0.00024189371
1609296780000,-0.00021082131
1609296840000,-0.0016446164
1609296900000,-0.003395127
1609296960000,-2.0869431e-05
1609297020000,0.00044244336
1609297080000,0.0034656872
1609297140000,0.00787185
1609297200000,0.009254617
1609297260000,0.01102078
1609297320000,0.0069776704
1609297380000,0.004690835
1609297440000,-0.001366826
1609297500000,-0.0020634492
1609297560000,-0.0029888798
1609297620000,-1.6813863e-05
1609297680000,-0.0021864327
1609297740000,-0.0021955804
1609297800000,-0.00053949724
1609297860000,-0.00732874
1609297920000,-0.0073184343
1609297980000,-0.0037734616
1609298040000,-0.0028652046
1609298100000,0.00036886983
1609298160000,-0.0011679573
1609298220000,-0.0019472165
1609298280000,-0.0037857303
1609298340000,-0.007136834
1609298400000,-0.0039955946
1609298460000,-0.00052157074
1609298520000,-0.001517241
1609298580000,-0.0038596005
1609298640000,-0.0006852364
1609298700000,0.0003154309
1609298760000,9.967314e-06
1609298820000,-0.0004476081
1609298880000,0.00010810348
1609298940000,0.0002609977
1609299000000,-0.0010755869
1609299060000,-0.0015062786
1609299120000,-0.0013276065
1609299180000,0.0008895237
1609299240000,0.00023081475
1609299300000,0.00039023723
1609299360000,0.0005708424
1609299420000,0.0015446722
1609299480000,-0.00045317414
1609299540000,0.002583392
1609299600000,0.002295694
1609299660000,0.002683942
1609299720000,0.001645054
1609299780000,0.0027704008
1609299840000,0.002836992
1609299900000,0.0035707704
1609299960000,0.0050275065
1609300020000,-0.00062626693
1609300080000,0.003401725
1609300140000,0.0020133907
1609300200000,-0.00074173184
1609300260000,-0.001257532
1609300320000,0.00045514823
1609300380000,0.0007800085
1609300440000,0.0033942484
1609300500000,0.0008730199
1609300560000,0.0023547192
1609300620000,0.0008222539
1609300680000,0.0018064029
1609300740000,0.0038488535
1609300800000,0.00644454
1609300860000,0.0074990387
1609300920000,0.0049620313
1609300980000,0.00713638
1609301040000,0.0046013524
1609301100000,0.0010180282
1609301160000,0.004395248
1609301220000,0.0029948687
1609301280000,-0.0010359255
1609301340000,-0.0017729584
1609301400000,-0.0018332846
1609301460000,-0.004229937
1609301520000,-0.0011258807
1609301580000,0.00092565164
1609301640000,0.00031398545
1609301700000,0.0010708205
1609301760000,0.0026880153
1609301820000,0.0014373393
1609301880000,-0.0035032996
1609301940000,-0.0047535184
1609302000000,-0.0006822445
1609302060000,0.00018499183
1609302120000,0.00070959143
1609302180000,0.0029457256
1609302240000,0.001766604
1609302300000,0.0013492379
1609302360000,0.0003256588
1609302420000,-0.0012518902
1609302480000,-0.00042600112
1609302540000,0.001470802
1609302600000,0.0024985
1609302660000,-0.00023468414
1609302720000,-7.6956414e-05
1609302780000,0.0011627371
1609302840000,-0.0011760948
1609302900000,0.0002055354
1609302960000,0.00015914711
1609303020000,0.0019146575
1609303080000,-0.0006514461
1609303140000,0.00022146641
1609303200000,-0.0013035152
1609303260000,-0.0020364972
1609303320000,-0.001908299
1609303380000,-0.0013555362
1609303440000,0.00011251282
1609303500000,0.00025670693
1609303560000,0.0007653358
1609303620000,-0.00084414665
1609303680000,5.8173948e-05
1609303740000,-0.0008047671
1609303800000,-0.0017608787
1609303860000,-0.0029004517
1609303920000,-0.0013134737
1609303980000,0.001460652
1609304040000,-0.0014982009
1609304100000,-0.00055212725
1609304160000,-0.0010607694
1609304220000,0.00045093196
1609304280000,-0.0007260097
1609304340000,-0.0005189871
1609304400000,-0.0013034448
1609304460000,0.0011700218
1609304520000,-0.0023795497
1609304580000,-0.0036313806
1609304640000,-0.0019233292
1609304700000,-0.001502894
1609304760000,-0.00069465773
1609304820000,-0.00033228353
1609304880000,-0.00087944773
1609304940000,-0.00043168606
1609305000000,-0.0002507991
1609305060000,0.00044677296
1609305120000,0.003632116
1609305180000,0.0030536666
1609305240000,0.0005752039
1609305300000,0.0024382086
1609305360000,0.0012673371
1609305420000,-0.00034409875
1609305480000,-0.0011646398
1609305540000,0.0014163065
1609305600000,-0.0021091283
1609305660000,-0.0022563923
1609305720000,-0.00025737376
1609305780000,0.00012263874
1609305840000,-0.0016778223
1609305900000,0.0011325326
1609305960000,0.0004026547
1609306020000,-0.0010808867
1609306080000,0.0035647713
1609306140000,0.0059111794
1609306200000,-0.0003591437
1609306260000,0.00041821378
1609306320000,0.0020700647
1609306380000,0.0038488535
1609306440000,0.0054065916
1609306500000,0.0024503605
1609306560000,0.0015737601
1609306620000,0.001722871
1609306680000,0.0029234781
1609306740000,0.005262406
1609306800000,0.003381832
1609306860000,0.00542109
1609306920000,0.0046886206
1609306980000,0.0028930153
1609307040000,0.008375174
1609307100000,0.0045483178
1609307160000,0.00093430746
1609307220000,0.00033175494
1609307280000,0.000524776
1609307340000,-0.0013611756
1609307400000,-0.0036184448
1609307460000,-0.0009063027
1609307520000,-0.0029483058
1609307580000,-0.0024257188
1609307640000,-0.0030686578
1609307700000,-0.0033992005
1609307760000,-0.002639344
1609307820000,-0.0020687343
1609307880000,-0.000500334
1609307940000,0.001184974
1609308000000,0.0027725247
1609308060000,-0.0010212094
1609308120000,0.0012991254
1609308180000,-0.00081829546
1609308240000,-0.0030469464
1609308300000,-0.004213789
1609308360000,-0.00063093606
1609308420000,-0.0011450193
1609308480000,-0.0007926021
1609308540000,0.0012249392
1609308600000,-0.0013780366
1609308660000,-1.8863733e-05
1609308720000,-0.0025006107
1609308780000,-0.006215745
1609308840000,-0.002655894
1609308900000,-0.0013151112
1609308960000,-0.0031016094
1609309020000,-0.0014363452
1609309080000,-0.0013507304
1609309140000,-0.00062137056
1609309200000,-0.0004063233
1609309260000,-0.00023629054
1609309320000,0.0013248203
1609309380000,0.0012439655
1609309440000,0.0033428804
1609309500000,0.004304526
1609309560000,0.0038972672
1609309620000,0.000438188
1609309680000,0.0036899247
1609309740000,0.003908191
1609309800000,0.0013958776
1609309860000,0.0009997224
1609309920000,0.004469597
1609309980000,0.0009549542
1609310040000,0.00276531
1609310100000,0.0010494947
1609310160000,0.0008010792
1609310220000,0.0011511778
1609310280000,0.0025756268
1609310340000,0.005865744
1609310400000,0.0067492295
1609310460000,0.0050552203
1609310520000,0.0034088462
1609310580000,0.0036645774
1609310640000,0.005777014
1609310700000,0.002066654
1609310760000,0.001879739
1609310820000,0.0010801073
1609310880000,0.0011347162
1609310940000,-0.0016993734
1609311000000,-0.0020590373
1609311060000,-0.0013023955
1609311120000,-0.0021778778
1609311180000,-0.005069493
1609311240000,-0.0055207247
1609311300000,2.9222154e-05
1609311360000,-0.003339375
1609311420000,-0.006062981
1609311480000,-0.0010866148
1609311540000,-0.0030479624
1609311600000,-0.0044679604
1609311660000,0.0043264506
1609311720000,0.010000089
1609311780000,0.0078634815
1609311840000,0.004189931
1609311900000,0.0041742884
1609311960000,-0.0025486373
1609312020000,-0.00065147626
1609312080000,-0.0020526382
1609312140000,-0.0011246122
1609312200000,-0.0013284154
1609312260000,0.0009668971
1609312320000,-0.00019480177
1609312380000,0.0008155111
1609312440000,0.00065895834
1609312500000,-0.0012564166
1609312560000,-0.0053089852
1609312620000,-0.006611318
1609312680000,-0.003328177
1609312740000,-0.0046960553
1609312800000,-0.0008925102
1609312860000,-0.00307379
1609312920000,-0.0005668956
1609312980000,0.0005752863
1609313040000,-0.000711918
1609313100000,-0.0010287073
1609313160000,-0.0002960067
1609313220000,-0.00027702426
1609313280000,-0.0032693658
1609313340000,-0.00025025403
1609313400000,-0.0012091337
1609313460000,-0.00069839344
1609313520000,-0.002011138
1609313580000,0.00063445594
1609313640000,0.00348993
1609313700000,0.0007416598
1609313760000,-0.0008971336
1609313820000,0.0016080157
1609313880000,0.00430915
1609313940000,0.0018444404
1609314000000,0.00035439694
1609314060000,0.0012514278
1609314120000,0.0006392663
1609314180000,-0.0019432848
1609314240000,-0.0031655107
1609314300000,0.0006992659
1609314360000,0.0031258785
1609314420000,0.00086993555
1609314480000,0.0010590169
1609314540000,0.0006280025
1609314600000,-0.00030519866
1609314660000,-0.0020256846
1609314720000,-0.00027539453
1609314780000,-0.00085074856
1609314840000,-0.0009605844
1609314900000,0.0017738309
1609314960000,-0.0014176216
1609315020000,0.0016104748
1609315080000,0.0052552233
1609315140000,0.0035808042
1609315200000,0.0013686089
1609315260000,0.00021740865
1609315320000,-0.00046730603
1609315380000,-0.0012183763
1609315440000,-0.001530774
1609315500000,-0.0016305003
1609315560000,-7.369282e-06
1609315620000,-0.0003562159
1609315680000,0.00071254245
1609315740000,0.00056327356
1609315800000,0.00014047988
1609315860000,-0.0009188228
1609315920000,-0.0023080716
1609315980000,-0.0006941129
1609316040000,-0.0020677063
1609316100000,0.0005744903
1609316160000,0.0018785552
1609316220000,0.004527856
1609316280000,0.007230311
1609316340000,0.006536917
1609316400000,0.0050201146
1609316460000,0.0031073939
1609316520000,0.0008737802
1609316580000,0.00038621225
1609316640000,-0.0029649355
1609316700000,-0.006389646
1609316760000,-0.010657636
1609316820000,-0.014298683
1609316880000,-0.0034386595
1609316940000,0.0020662523
1609317000000,0.0008114592
1609317060000,0.0053696525
1609317120000,0.0029328624
1609317180000,-0.0011382025
1609317240000,-0.0011157825
1609317300000,0.0029417672
1609317360000,-0.0031445054
1609317420000,-0.0022948065
1609317480000,-0.00039933244
1609317540000,-0.0016645096
1609317600000,0.00054668
1609317660000,-0.0014329191
1609317720000,-0.0017379422
1609317780000,0.00057721767
1609317840000,-0.0007875787
1609317900000,-0.0005332543
1609317960000,0.005228817
1609318020000,0.006700123
1609318080000,0.0014207488
1609318140000,0.0021042214
1609318200000,0.004138766
1609318260000,-0.00019001101
1609318320000,0.0011360323
1609318380000,-0.0033865534
1609318440000,-0.0020178468
1609318500000,-0.0052756965
1609318560000,-0.0018702585
1609318620000,-0.0011053993
1609318680000,0.00020092336
1609318740000,-0.0011065576
1609318800000,0.0030461263
1609318860000,0.0027386118
1609318920000,-0.00075856526
1609318980000,0.00017524633
1609319040000,-0.00055484043
1609319100000,-0.0010553587
1609319160000,-0.0016168008
1609319220000,-0.0018495856
1609319280000,-0.0014578605
1609319340000,0.0011996813
1609319400000,-0.001333731
1609319460000,-0.00065924297
1609319520000,-0.0013323772
1609319580000,0.0011658571
1609319640000,0.00097455777
1609319700000,0.00095993
1609319760000,-0.00062433904
1609319820000,0.0009141181
1609319880000,-0.0013234443
1609319940000,-0.003090508
1609320000000,-0.0032046288
1609320060000,-0.002135997
1609320120000,-0.00076019624
1609320180000,0.00054928643
1609320240000,0.00235113
1609320300000,0.00067569845
1609320360000,-0.00360785
1609320420000,-0.0012429268
1609320480000,-0.0035002197
1609320540000,-0.0025451495
1609320600000,-0.0017136805
1609320660000,0.00091935
1609320720000,-0.0012217951
1609320780000,0.00013927014
1609320840000,-0.000480035
1609320900000,-0.0013041061
1609320960000,0.0009164196
1609321020000,-0.0018829728
1609321080000,-0.0007834178
1609321140000,0.0020062327
1609321200000,0.0017130277
1609321260000,0.0013545486
1609321320000,-1.4152471e-05
1609321380000,-0.0011624229
1609321440000,0.00013575
1609321500000,-0.0018640087
1609321560000,-0.00088578823
1609321620000,0.0035603563
1609321680000,-0.00016287119
1609321740000,-0.00072204735
1609321800000,0.0015878929
1609321860000,0.00070272834
1609321920000,-0.0008846842
1609321980000,0.0019630834
1609322040000,0.003339268
1609322100000,0.0030801645
1609322160000,0.0082185585
1609322220000,0.009080878
1609322280000,0.0022196707
1609322340000,0.0027369712
1609322400000,-0.00029610304
1609322460000,-0.00015045227
1609322520000,-0.0027133815
1609322580000,-0.0018803003
1609322640000,-0.001843468
1609322700000,0.0008631404
1609322760000,-0.00027601936
1609322820000,0.00011928763
1609322880000,0.0011699462
1609322940000,0.0007772116
1609323000000,-0.0029230313
1609323060000,-0.00173533
1609323120000,-0.0019907046
1609323180000,-0.00013031423
1609323240000,-0.00083815545
1609323300000,0.00068801676
1609323360000,0.00084708474
1609323420000,0.00015863843
1609323480000,-0.0037741603
1609323540000,-0.0029235994
1609323600000,-0.00073833024
1609323660000,-0.0011082251
1609323720000,-0.00080024224
1609323780000,0.00045701486
1609323840000,4.2210948e-05
1609323900000,-0.00032641768
1609323960000,-0.0013462106
1609324020000,-0.003752431
1609324080000,7.552815e-06
1609324140000,-0.0031773858
1609324200000,-0.0028669725
1609324260000,-0.0043429844
1609324320000,-0.0037091044
1609324380000,-0.0037963681
1609324440000,0.00079723774
1609324500000,-0.0033142576
1609324560000,0.00063002796
1609324620000,-0.0041777836
1609324680000,-0.0029068606
1609324740000,-0.0019701447
1609324800000,0.00054817664
1609324860000,0.0016349048
1609324920000,-0.00031766068
1609324980000,0.002095602
1609325040000,0.008186449
1609325100000,-0.00071625167
1609325160000,0.0036668095
1609325220000,0.0005641888
1609325280000,0.0010250057
1609325340000,-0.0015804701
1609325400000,-0.0013124603
1609325460000,-0.0016636854
1609325520000,0.00042612525
1609325580000,-0.0012766782
1609325640000,0.0005787928
1609325700000,0.00046964665
1609325760000,0.0015493326
1609325820000,-0.0019080825
1609325880000,-0.002325748
1609325940000,-0.0017493814
1609326000000,0.0013059614
1609326060000,-0.0031790838
1609326120000,0.0004775706
1609326180000,0.0023558214
1609326240000,4.2450258e-05
1609326300000,0.00020655
1609326360000,0.0046086144
1609326420000,0.0015784274
1609326480000,-0.0006688947
1609326540000,0.0020586632
1609326600000,-0.0007558346
1609326660000,-0.0015395568
1609326720000,-0.0006306455
1609326780000,-0.00017009175
1609326840000,-0.00036403583
1609326900000,-0.0003944423
1609326960000,-0.0005507297
1609327020000,-0.00033829815
1609327080000,0.0015262195
1609327140000,0.0007196898
1609327200000,0.0020530184
1609327260000,0.0017797078
1609327320000,-0.0012305598
1609327380000,-0.002979576
1609327440000,-0.004570382
1609327500000,-0.0056164055
1609327560000,-0.0052851806
1609327620000,-0.0061471337
1609327680000,-0.0053522363
1609327740000,-0.0022102688
1609327800000,-0.0013483941
1609327860000,0.0062043946
1609327920000,0.0050980216
1609327980000,0.0031535018
1609328040000,0.0032713949
1609328100000,0.0036745325
1609328160000,0.0040383283
1609328220000,0.0028376672
1609328280000,0.006755304
1609328340000,-0.0010422968
1609328400000,0.004380459
1609328460000,5.922892e-05
1609328520000,0.0014689554
1609328580000,-0.001050727
1609328640000,0.0008025418
1609328700000,-0.0020422642
1609328760000,-0.0016965385
1609328820000,-0.0041588442
1609328880000,-0.0033402704
1609328940000,-0.004960892
1609329000000,-0.0018939737
1609329060000,-0.0009642692
1609329120000,7.577287e-05
1609329180000,-0.00026280712
1609329240000,-0.00023379012
1609329300000,0.0036916877
1609329360000,0.002823665
1609329420000,0.0010807348
1609329480000,-0.0035114435
1609329540000,0.0062074573
1609329600000,-0.0008437476
1609329660000,-0.003509428
1609329720000,-0.006560144
1609329780000,-0.008197286
1609329840000,-0.005962811
1609329900000,-0.004561847
1609329960000,-0.0023949111
1609330020000,0.0016263243
1609330080000,0.0063930214
1609330140000,0.0037458923
1609330200000,0.0014204474
1609330260000,0.00221198
1609330320000,0.0028510008
1609330380000,0.0010319386
1609330440000,0.0034881302
1609330500000,0.0008914769
1609330560000,0.0008697811
1609330620000,-0.0011935215
1609330680000,-0.0033854959
1609330740000,-0.0020012332
1609330800000,-0.0011486709
1609330860000,-0.0023546375
1609330920000,-0.0032378994
1609330980000,0.0033956212
1609331040000,-0.000881479
1609331100000,-0.00021172225
1609331160000,0.0003578589
1609331220000,0.0023143939
1609331280000,0.0004336199
1609331340000,-0.00054097164
1609331400000,0.00017816362
1609331460000,-0.0011490266
1609331520000,-0.0012125857
1609331580000,-0.0011007347
1609331640000,-0.00043666482
1609331700000,-0.0017447146
1609331760000,-0.000922598
1609331820000,0.00070758106
1609331880000,0.00023390052
1609331940000,-0.0012940981
1609332000000,0.0024223928
1609332060000,-0.0013864982
1609332120000,-0.0033949078
1609332180000,-0.001456204
1609332240000,-0.001043895
1609332300000,-0.00071903964
1609332360000,-0.0024908832
1609332420000,0.00070885126
1609332480000,-0.00030027883
1609332540000,0.0029049283
1609332600000,-0.0019104014
1609332660000,0.002575301
1609332720000,-0.0017494375
1609332780000,0.00190139
1609332840000,-0.0023667563
1609332900000,0.000985472
1609332960000,-0.0004914914
1609333020000,0.000691747
1609333080000,-0.0019516572
1609333140000,-0.0012785227
1609333200000,-0.0012400387
1609333260000,-0.001043895
1609333320000,-0.0020494398
1609333380000,0.0005691852
1609333440000,0.0035208256
1609333500000,0.0022042557
1609333560000,0.0012772502
1609333620000,0.00047313017
1609333680000,0.0006653056
1609333740000,0.0009646757
1609333800000,0.00047308512
1609333860000,0.0004105189
1609333920000,0.0010426675
1609333980000,-0.0018007219
1609334040000,0.00010098085
1609334100000,-0.00068013795
1609334160000,-0.001018992
1609334220000,0.00094556523
1609334280000,0.0014347963
1609334340000,0.00044183934
1609334400000,0.0017700521
1609334460000,-0.001117144
1609334520000,-0.0016916939
1609334580000,0.000898666
1609334640000,-0.0011626215
1609334700000,0.0010982266
1609334760000,0.0024334763
1609334820000,-6.052891e-05
1609334880000,0.0012580552
1609334940000,0.000137397
1609335000000,0.0008396248
1609335060000,-0.00081698044
1609335120000,-9.0869544e-05
1609335180000,-0.0017180495
1609335240000,-0.0004290584
1609335300000,9.905611e-05
1609335360000,0.00028436325
1609335420000,0.0002948187
1609335480000,-0.0006296782
1609335540000,0.0035432868
1609335600000,0.00296539
1609335660000,0.0001368289
1609335720000,-0.0007841946
1609335780000,0.00089987356
1609335840000,-0.0011492388
1609335900000,0.0034485392
1609335960000,0.0035893684
1609336020000,0.0072266213
1609336080000,0.0075111273
1609336140000,0.004260936
1609336200000,0.0007125016
1609336260000,0.0012204824
1609336320000,-0.0015596033
1609336380000,-0.0014267019
1609336440000,0.0011277332
1609336500000,-0.0010384764
1609336560000,-0.0035449485
1609336620000,-0.0033213932
1609336680000,0.0014315469
1609336740000,-0.0013953419
1609336800000,-0.0012598569
1609336860000,0.001576238
1609336920000,0.00079763995
1609336980000,-0.00047602048
1609337040000,-0.00035609028
1609337100000,-0.0025828101
1609337160000,-0.0042529562
1609337220000,-0.0034038927
1609337280000,-0.0011605276
1609337340000,-0.0029653837
1609337400000,-0.0010465091
1609337460000,-0.0010601442
1609337520000,0.0012678332
1609337580000,-0.0011659235
1609337640000,0.0013107158
1609337700000,-0.0010819751
1609337760000,-0.0017945931
1609337820000,0.00014442248
1609337880000,-0.0025550758
1609337940000,-0.0026612163
1609338000000,0.00198238
1609338060000,-0.0010359227
1609338120000,-0.0025128091
1609338180000,-0.00039772448
1609338240000,-0.00053914584
1609338300000,-0.00015994495
1609338360000,0.003530279
1609338420000,0.001105968
1609338480000,0.0024543982
1609338540000,0.0020212522
1609338600000,-9.247722e-05
1609338660000,-0.0022532896
1609338720000,0.0009837614
1609338780000,-0.0015899902
1609338840000,0.0057909414
1609338900000,0.00039605764
1609338960000,-0.0027203318
1609339020000,-0.0025645643
1609339080000,-0.0035352455
1609339140000,-0.0039194184
1609339200000,-0.0046741995
1609339260000,-0.0024448368
1609339320000,0.0008494323
1609339380000,0.0049909414
1609339440000,0.003933895
1609339500000,0.003948337
1609339560000,0.0027814934
1609339620000,0.0038867285
1609339680000,0.003173731
1609339740000,4.1709824e-05
1609339800000,-0.00013162756
1609339860000,0.0016386182
1609339920000,0.0002597235
1609339980000,0.0010737703
1609340040000,-6.7053086e-05
1609340100000,0.0013715157
1609340160000,-0.00065101165
1609340220000,-0.0004704617
1609340280000,-0.0009150801
1609340340000,0.0029195847
1609340400000,0.0013712755
1609340460000,0.00010684674
1609340520000,-3.6922294e-05
1609340580000,-0.001772335
1609340640000,-0.0018521453
1609340700000,-0.00068162713
1609340760000,-0.0019693202
1609340820000,0.0008396248
1609340880000,0.0007680607
1609340940000,-9.29258e-05
1609341000000,0.0009962153
1609341060000,0.004636929
1609341120000,0.004469309
1609341180000,0.0016085214
1609341240000,0.0010610158
1609341300000,-0.0010303627
1609341360000,-0.0016681337
1609341420000,-0.0016245493
1609341480000,0.00016073223
1609341540000,-0.0036778082
1609341600000,-0.005947793
1609341660000,-0.0009509551
1609341720000,-0.0032443607
1609341780000,-0.0022342117
1609341840000,-0.00082795304
1609341900000,0.0016745455
1609341960000,-0.00032638642
1609342020000,0.003442388
1609342080000,0.002675802
1609342140000,-0.00020038126
1609342200000,0.0014574272
1609342260000,0.0025413474
1609342320000,6.394438e-05
1609342380000,-0.0012547352
1609342440000,0.0007043025
1609342500000,0.0014764426
1609342560000,-0.0011438428
1609342620000,-0.0008337117
1609342680000,-0.0006178109
1609342740000,0.0012998155
1609342800000,-0.0008931655
1609342860000,-0.0017941745
1609342920000,0.00044978876
1609342980000,0.0014713287
1609343040000,0.00045248482
1609343100000,0.0018916179
1609343160000,-0.0018593067
1609343220000,-0.002375274
1609343280000,0.0011833331
1609343340000,0.00035137002
1609343400000,-0.0016008031
1609343460000,0.00069145445
1609343520000,0.0004633025
1609343580000,-0.002114323
1609343640000,-6.221227e-05
1609343700000,-0.0025546553
1609343760000,-0.0003926386
1609343820000,0.00097298337
1609343880000,0.0007118491
1609343940000,0.002916026
1609344000000,0.0035509756
1609344060000,0.0007790418
1609344120000,0.00064305594
1609344180000,-0.0006585292
1609344240000,-0.0011818449
1609344300000,-0.002353585
1609344360000,-0.0013032365
1609344420000,-0.00016727604
1609344480000,0.0017503025
1609344540000,0.0023500584
1609344600000,0.0014716062
1609344660000,0.0015381911
1609344720000,0.004103189
1609344780000,-0.0008214712
1609344840000,7.7260986e-05
1609344900000,0.0002421851
1609344960000,-0.0011579088
1609345020000,-0.0015750999
1609345080000,-0.00014951453
1609345140000,-0.000866267
1609345200000,0.0008278243
1609345260000,-0.0006541129
1609345320000,0.00068214594
1609345380000,-0.003508162
1609345440000,-0.0027936583
1609345500000,-0.0017052131
1609345560000,-0.00016680456
1609345620000,-0.0017346373
1609345680000,0.0046072574
1609345740000,0.008052756
1609345800000,0.0014433248
1609345860000,0.002087751
1609345920000,0.0021529754
1609345980000,0.00015498816
1609346040000,9.14037e-06
1609346100000,-0.0016829909
1609346160000,-0.0036320235
1609346220000,-0.0007442149
1609346280000,-0.0021034256
1609346340000,-0.0023010033
1609346400000,-0.0010370348
1609346460000,-0.002621293
1609346520000,0.00013586415
1609346580000,-0.0014671094
1609346640000,-0.00087565166
1609346700000,0.00083909277
1609346760000,-0.00011709586
1609346820000,0.00040042133
1609346880000,-0.00084291236
1609346940000,0.000989316
1609347000000,0.0016723534
1609347060000,0.0017022985
1609347120000,0.0021407362
1609347180000,0.0020255633
1609347240000,0.00143196
1609347300000,-0.00066314347
1609347360000,0.0013935571
1609347420000,-0.0008398746
1609347480000,-0.00033152616
1609347540000,-0.0006598026
1609347600000,-0.0004166819
1609347660000,-0.0006678692
1609347720000,-0.0005053921
1609347780000,0.00014832614
1609347840000,-0.0011048538
1609347900000,0.00067123683
1609347960000,-0.0037741603
1609348020000,-0.0036443719
1609348080000,-0.0007358357
1609348140000,-0.001951498
1609348200000,-0.002007634
1609348260000,-0.0004622183
1609348320000,-0.00033811797
1609348380000,-0.0020427187
1609348440000,0.0007632059
1609348500000,-0.00093164603
1609348560000,-0.00017935337
1609348620000,0.0005382339
1609348680000,0.0006584315
1609348740000,0.0042146314
1609348800000,0.0044441414
1609348860000,0.0022761412
1609348920000,0.0028873868
1609348980000,0.0021828972
1609349040000,0.0016638805
1609349100000,0.0031675203
1609349160000,0.0030056413
1609349220000,0.0006183116
1609349280000,0.0009592225
1609349340000,-0.00075810426
1609349400000,-0.00035098562
1609349460000,-0.004150061
1609349520000,-0.0025365981
1609349580000,-0.0016787277
1609349640000,-0.0014629129
1609349700000,-0.0012515463
1609349760000,-0.0004482986
1609349820000,-0.00029490562
1609349880000,-0.00036914562
1609349940000,-0.0011003138
1609350000000,-0.0024020206
1609350060000,-0.0012912665
1609350120000,0.00014885284
1609350180000,-0.00045697004
1609350240000,-0.0012845846
1609350300000,-0.0005507297
1609350360000,0.0010187792
1609350420000,-0.00019904286
1609350480000,0.003736647
1609350540000,0.0043787365
1609350600000,0.009087546
1609350660000,0.0065838946
1609350720000,0.004206444
1609350780000,0.001808816
1609350840000,0.0010428017
1609350900000,0.0010043293
1609350960000,0.00031491416
1609351020000,-0.0029796332
1609351080000,-0.00018056671
1609351140000,-0.00046629048
1609351200000,-0.0006556379
1609351260000,-0.0017387817
1609351320000,0.0013076678
1609351380000,-4.7856098e-05
1609351440000,0.0012615026
1609351500000,0.0008617048
1609351560000,0.00089775183
1609351620000,0.0020828038
1609351680000,0.001370249
1609351740000,0.0020295114
1609351800000,0.008999077
1609351860000,0.0071850545
1609351920000,0.002613529
1609351980000,0.0025053886
1609352040000,-0.0027979128
1609352100000,0.0005800566
1609352160000,-0.0019881006
1609352220000,-0.00073769345
1609352280000,-0.0010227795
1609352340000,0.0006785924
1609352400000,-0.0025816408
1609352460000,-0.003451443
1609352520000,-0.005973438
1609352580000,-0.0027645484
1609352640000,-0.0023495464
1609352700000,-0.0042017247
1609352760000,0.00031264612
1609352820000,0.0038642148
1609352880000,-0.00026205325
1609352940000,0.0026922496
1609353000000,0.004917799
1609353060000,0.0056141648
1609353120000,0.00388209
1609353180000,0.0029986259
1609353240000,0.0026698809
1609353300000,0.004059081
1609353360000,0.0051018596
1609353420000,0.0014846805
1609353480000,0.00035900457
1609353540000,0.0032198925
1609353600000,6.244937e-05
1609353660000,-0.0020738891
1609353720000,0.003401903
1609353780000,0.0036192934
1609353840000,0.0037696955
1609353900000,0.0011135841
1609353960000,0.0030294985
1609354020000,0.0015254902
1609354080000,-0.0011855797
1609354140000,0.0008001501
1609354200000,0.00013499918
1609354260000,0.0011829848
1609354320000,0.00033290303
1609354380000,-0.0005996745
1609354440000,-0.0011293256
1609354500000,-0.0010481704
1609354560000,-0.000709619
1609354620000,-0.00078387355
1609354680000,-0.00016375579
1609354740000,-0.0013760803
1609354800000,-0.0025112857
1609354860000,0.004174794
1609354920000,0.007747816
1609354980000,0.0022982818
1609355040000,0.003612815
1609355100000,0.00593717
1609355160000,0.0017992641
1609355220000,0.00417588
1609355280000,0.0031177327
1609355340000,0.001618096
1609355400000,0.0025732066
1609355460000,0.0012263594
1609355520000,0.00027277195
1609355580000,-0.0014039964
1609355640000,-0.00022357953
1609355700000,-0.0011789635
1609355760000,0.00064782
1609355820000,0.0003678248
1609355880000,-0.003080632
1609355940000,-0.004797427
1609356000000,0.0013887859
1609356060000,-0.003125769
1609356120000,-0.0045767073
1609356180000,-0.0012788713
1609356240000,-0.0014030965
1609356300000,-0.0043355688
1609356360000,-0.006091544
1609356420000,-0.005202272
1609356480000,-0.0032759972
1609356540000,-0.0040892577
1609356600000,-0.00078221975
1609356660000,-0.00081819453
1609356720000,0.0014545845
1609356780000,-0.0010490617
1609356840000,0.00067270757
1609356900000,-0.002511902
1609356960000,-0.0069511062
1609357020000,-0.0043770964
1609357080000,-0.0012929566
1609357140000,-0.0009842569
1609357200000,-0.00032847867
1609357260000,0.0014068361
1609357320000,-0.00015075627
1609357380000,-0.00015881693
1609357440000,-0.00089213526
1609357500000,0.00020424013
1609357560000,0.0036019403
1609357620000,0.002904792
1609357680000,0.0030143575
1609357740000,0.0024773134
1609357800000,0.0004795825
1609357860000,-0.00038521504
1609357920000,0.0028428552
1609357980000,-0.0014102003
1609358040000,-0.00096593914
1609358100000,0.00010967225
1609358160000,-0.0013476688
1609358220000,-0.0017709757
1609358280000,-0.0020574536
1609358340000,-0.0015835968
1609358400000,-0.001012606
1609358460000,-0.0036595797
1609358520000,-0.0013899229
1609358580000,0.002854485
1609358640000,0.00149095
1609358700000,0.0006646995
1609358760000,0.00031741368
1609358820000,0.00028604365
1609358880000,-0.0019755026
1609358940000,-0.0012977107
1609359000000,-0.0011988978
1609359060000,-0.0016179605
1609359120000,-0.0012601143
1609359180000,-0.0021622113
1609359240000,-0.001634459
1609359300000,-0.0065666647
1609359360000,-0.0045929668
1609359420000,-0.006703641
1609359480000,-0.0074949274
1609359540000,-0.0078044175
1609359600000,-0.008651203
1609359660000,-0.0075696837
1609359720000,-0.0038483096
1609359780000,-0.0031732253
1609359840000,0.0013037983
1609359900000,0.009011178
1609359960000,0.008841247
1609360020000,0.0017817363
1609360080000,0.0038517043
1609360140000,0.000922101
1609360200000,0.00076490146
1609360260000,0.0063046752
1609360320000,0.010966993
1609360380000,0.003145421
1609360440000,0.00458531
1609360500000,0.0030018268
1609360560000,0.0052886894
1609360620000,0.008877423
1609360680000,-0.0022162457
1609360740000,-0.00033562805
1609360800000,0.0007010101
1609360860000,-0.0004069781
1609360920000,-0.0011137449
1609360980000,-0.003430688
1609361040000,-0.0011906913
1609361100000,-1.7911445e-05
1609361160000,0.0019735084
1609361220000,0.004981218
1609361280000,0.0049901474
1609361340000,0.0029925737
1609361400000,0.002212614
1609361460000,0.0030870445
1609361520000,0.0024707748
1609361580000,0.00093222904
1609361640000,-0.007116267
1609361700000,-0.0027231814
1609361760000,-0.0034260082
1609361820000,-0.0056837024
1609361880000,-0.0026630054
1609361940000,-0.0020258545
1609362000000,-0.008188278
1609362060000,-0.0062753325
1609362120000,-0.0030958515
1609362180000,-0.0003953429
1609362240000,-0.0009665335
1609362300000,0.00026860705
1609362360000,0.003038658
1609362420000,0.0034802435
1609362480000,0.0006003269
1609362540000,-0.0002515954
1609362600000,0.0002818296
1609362660000,0.00040899732
1609362720000,0.00022067876
1609362780000,0.0015459289
1609362840000,0.00028629522
1609362900000,-0.00079724746
1609362960000,0.0008591771
1609363020000,-0.0013243412
1609363080000,-0.0011839843
1609363140000,0.0007969309
1609363200000,-0.0007250345
1609363260000,-0.0023411647
1609363320000,-0.0010378035
1609363380000,0.00040388806
1609363440000,-0.0034795918
1609363500000,-0.00046153253
1609363560000,0.0033970508
1609363620000,3.7352595e-05
1609363680000,-0.0019647477
1609363740000,-5.8599384e-05
1609363800000,0.0026455836
1609363860000,0.00080407824
1609363920000,0.001037176
1609363980000,0.0012555362
1609364040000,0.00029205251
1609364100000,-0.00041395254
1609364160000,-0.0019883947
1609364220000,-0.0027383065
1609364280000,-0.0017809127
1609364340000,-0.00019469536
1609364400000,0.00084617024
1609364460000,0.00048227783
1609364520000,0.0037604242
1609364580000,0.0018344537
1609364640000,0.0012812763
1609364700000,0.0018008295
1609364760000,-0.0010898851
1609364820000,-0.0034728728
1609364880000,0.000131435
1609364940000,0.00037899226
1609365000000,-0.0037888759
1609365060000,-0.0012731948
1609365120000,0.00055170426
1609365180000,0.0018587263
1609365240000,0.0013824317
1609365300000,0.0017937617
1609365360000,-0.0006177527
1609365420000,0.001559905
1609365480000,-0.00031333204
1609365540000,-0.0019977044
1609365600000,-5.2445037e-05
1609365660000,-0.0006993939
1609365720000,0.00032990938
1609365780000,-8.903662e-05
1609365840000,-0.0008666598
1609365900000,-0.0009820422
1609365960000,0.0010584282
1609366020000,-0.00022910238
1609366080000,-0.0014381038
1609366140000,-0.0020019533
1609366200000,0.001705852
1609366260000,-0.0026788546
1609366320000,-0.00028026314
1609366380000,0.0035015403
1609366440000,0.0014887439
1609366500000,0.0003275553
1609366560000,-0.001933192
1609366620000,-0.0054982556
1609366680000,-0.0026503322
1609366740000,-0.0017485811
1609366800000,-0.002968911
1609366860000,8.797288e-05
1609366920000,-0.0005288985
1609366980000,0.00047594783
1609367040000,-0.0012881364
1609367100000,0.0027347035
1609367160000,0.0016148391
1609367220000,0.002457401
1609367280000,0.00030861713
1609367340000,0.0037903348
1609367400000,0.00048946694
1609367460000,-0.0051020645
1609367520000,-0.0018216595
1609367580000,-0.001564648
1609367640000,-0.0012657095
1609367700000,-0.0013040995
1609367760000,-0.0021762913
1609367820000,-0.002254248
1609367880000,-0.0009242578
1609367940000,-0.00020154462
1609368000000,0.00044611422
1609368060000,0.00020430195
1609368120000,-0.0010609986
1609368180000,-0.00030860957
1609368240000,-0.0011067499
1609368300000,-0.0024159122
1609368360000,0.000832059
1609368420000,0.000671074
1609368480000,0.0017030378
1609368540000,-0.0013248782
1609368600000,0.0023836533
1609368660000,-0.0004166819
1609368720000,-0.0026593723
1609368780000,0.0006466599
1609368840000,-0.0019966937
1609368900000,0.00093081826
1609368960000,0.0018992714
1609369020000,0.0032343268
1609369080000,0.0012667109
1609369140000,0.0038842773
1609369200000,0.0018571353
1609369260000,-0.0011217026
1609369320000,0.0023633305
1609369380000,0.001686982
1609369440000,0.0014844347
1609369500000,-0.0035781278
1609369560000,0.0019211968
1609369620000,0.0007816099
1609369680000,0.000163111
1609369740000,-0.0020431476
1609369800000,-0.0012764379
1609369860000,-0.0006265188
1609369920000,-0.0024562485
1609369980000,-0.0010553988
1609370040000,0.0004554952
1609370100000,0.0045396285
1609370160000,0.0010791653
1609370220000,0.0009057825
1609370280000,0.003229726
1609370340000,0.0021348598
1609370400000,0.0017893069
1609370460000,0.001419695
1609370520000,0.0018678802
1609370580000,0.00060622464
1609370640000,0.0003537738
1609370700000,-0.00022471887
1609370760000,-0.0014245632
1609370820000,0.0014269933
1609370880000,0.0002982486
1609370940000,0.00041269045
1609371000000,-0.00019542355
1609371060000,0.00068801676
1609371120000,-0.0013374753
1609371180000,-0.0024014264
1609371240000,-0.00014968538
1609371300000,0.0014866804
1609371360000,-0.00024134488
1609371420000,0.0017428447
1609371480000,-0.0004915309
1609371540000,0.0010418543
1609371600000,-0.0010854781
1609371660000,-0.00089902
1609371720000,-0.0025512415
1609371780000,-0.0006347533
1609371840000,-0.0022432017
1609371900000,-0.00031785804
1609371960000,0.00086547725
1609372020000,-0.0023045863
1609372080000,-0.005200095
1609372140000,-0.0025048896
1609372200000,-0.0005522212
1609372260000,-0.0023808852
1609372320000,-0.000116573654
1609372380000,-0.0014513059
1609372440000,-0.001255625
1609372500000,-0.0011940075
1609372560000,0.0015424656
1609372620000,-0.00014355461
1609372680000,0.0009312486
1609372740000,0.0040952237
1609372800000,0.0005361431
1609372860000,0.0029628759
1609372920000,0.011150356
1609372980000,0.009462127
1609373040000,0.0058064414
1609373100000,0.009067539
1609373160000,0.004372066
1609373220000,0.0011738072
1609373280000,0.0023257171
1609373340000,0.0013693364
1609373400000,-0.00020843324
1609373460000,0.00017243947
1609373520000,0.0023128057
1609373580000,-0.0003306229
1609373640000,0.0033966813
1609373700000,0.0017611174
1609373760000,-0.000109119836
1609373820000,-0.0037105028
1609373880000,-0.0008581911
1609373940000,-0.0011136649
1609374000000,-2.7107599e-06
1609374060000,-0.0010261462
1609374120000,-0.00071165705
1609374180000,-0.00052425306
1609374240000,-0.0010185495
1609374300000,-0.0015041104
1609374360000,-0.0018959567
1609374420000,-0.002338065
1609374480000,0.0013974695
1609374540000,-0.0042454186
1609374600000,-0.0020807118
1609374660000,-0.0032629515
1609374720000,-0.0019021411
1609374780000,0.0003318306
1609374840000,-0.002158019
1609374900000,-4.3988774e-05
1609374960000,0.0024303829
1609375020000,0.003279392
1609375080000,0.0022211184
1609375140000,0.002933123
1609375200000,0.0018048167
1609375260000,0.0024312197
1609375320000,0.0015907923
1609375380000,0.0017198594
1609375440000,-0.0016769455
1609375500000,0.0015768775
1609375560000,0.001919473
1609375620000,-0.000727349
1609375680000,-0.0024864688
1609375740000,0.0027560424
1609375800000,0.0016376299
1609375860000,-0.0027292266
1609375920000,0.0002333423
1609375980000,0.0039823386
1609376040000,0.0053187995
1609376100000,0.00353776
1609376160000,0.0030620233
1609376220000,0.0025071325
1609376280000,0.0009823074
1609376340000,-0.0026194972
1609376400000,-0.0015912332
1609376460000,-0.0022845021
1609376520000,-0.00075327547
1609376580000,-0.0011347423
1609376640000,0.00014946186
1609376700000,-0.002614009
1609376760000,-0.0017308174
1609376820000,-0.0013965121
1609376880000,0.003218757
1609376940000,-0.0059451926
1609377000000,-0.00606607
1609377060000,0.00071440276
1609377120000,0.001712297
1609377180000,-0.0022659602
1609377240000,0.0019251537
1609377300000,0.0021607678
1609377360000,0.0017920891
1609377420000,0.0023504463
1609377480000,-0.002016442
1609377540000,-0.006957322
1609377600000,-0.003115422
1609377660000,-0.0017026035
1609377720000,-0.0008987461
1609377780000,-0.00021100864
1609377840000,0.007982474
1609377900000,0.009327858
1609377960000,0.005280911
1609378020000,0.0018488306
1609378080000,0.0021035157
1609378140000,0.0016402173
1609378200000,-0.00020851103
1609378260000,0.0005814977
1609378320000,-0.000117334814
1609378380000,-0.002522268
1609378440000,-0.0014440052
1609378500000,0.0009165654
1609378560000,-0.00035057822
1609378620000,-0.005106882
1609378680000,-0.0006487488
1609378740000,-0.0006305297
1609378800000,-0.0011100844
1609378860000,-0.0041663577
1609378920000,0.0017148221
1609378980000,0.0023588124
1609379040000,-0.0012025071
1609379100000,0.00033805595
1609379160000,-0.00014816773
1609379220000,-0.0024119203
1609379280000,-0.0017855533
1609379340000,-0.000275185
1609379400000,-0.00067552796
1609379460000,0.0011663456
1609379520000,-2.9036022e-05
1609379580000,0.00027554872
1609379640000,0.00092754373
1609379700000,-0.0012165873
1609379760000,0.0008815436
1609379820000,0.0028691285
1609379880000,0.0016872908
1609379940000,0.0010380326
1609380000000,0.0014341782
1609380060000,-0.00058287143
1609380120000,-0.00227907
1609380180000,-0.0006134879
1609380240000,-0.0019940494
1609380300000,0.0009589318
1609380360000,-0.0005715048
1609380420000,-0.0010040699
1609380480000,-0.00096633896
1609380540000,-0.00030601086
1609380600000,-0.001526056
1609380660000,-0.0020083676
1609380720000,0.0008107469
1609380780000,0.00027874898
1609380840000,-0.001361749
1609380900000,-0.0013597386
1609380960000,6.0529685e-05
1609381020000,-0.0009291988
1609381080000,-0.0020146598
1609381140000,0.00081475556
1609381200000,-0.0013831335
1609381260000,0.00045094587
1609381320000,-0.00079549465
1609381380000,0.0004411241
1609381440000,-0.00038646313
1609381500000,-0.00095988996
1609381560000,0.0019575174
1609381620000,-0.00084461836
1609381680000,0.0016460986
1609381740000,0.00070362544
1609381800000,0.004162094
1609381860000,-0.0007128336
1609381920000,0.0017030896
1609381980000,0.00027366338
1609382040000,0.00013286227
1609382100000,-0.002325577
1609382160000,-0.0008652401
1609382220000,0.0008815436
1609382280000,-0.0024437257
1609382340000,-0.00053218147
1609382400000,-0.0014422176
1609382460000,0.00033647788
1609382520000,-0.0005349685
1609382580000,-0.0009362379
1609382640000,0.0015578627
1609382700000,-0.0006948551
1609382760000,0.0021613466
1609382820000,-0.000801998
1609382880000,0.001957189
1609382940000,1.5125778e-05
1609383000000,0.0023639877
1609383060000,-0.0018723217
1609383120000,0.0017415788
1609383180000,-0.0011874693
1609383240000,-0.0007347366
1609383300000,-0.0040488997
1609383360000,0.0043697124
1609383420000,0.0059040277
1609383480000,-0.00063934235
1609383540000,0.002601905
1609383600000,0.006293842
1609383660000,0.0022832802
1609383720000,-0.00048216674
1609383780000,0.0020790063
1609383840000,0.00014842792
1609383900000,-0.00062767573
1609383960000,0.00071044685
1609384020000,0.00081792753
1609384080000,1.8767214e-05
1609384140000,0.001790639
1609384200000,0.0013761352
1609384260000,-0.0010247164
1609384320000,0.002796358
1609384380000,0.0021478473
1609384440000,0.0019937782
1609384500000,0.0033415977
1609384560000,0.0015703769
1609384620000,-0.0011587602
1609384680000,-0.0034130279
1609384740000,-0.0061748996
1609384800000,-0.0048258984
1609384860000,-0.0023302706
1609384920000,-0.0016028369
1609384980000,-0.0003923281
1609385040000,0.00018572882
1609385100000,5.1124403e-05
1609385160000,0.0013124476
1609385220000,0.0028292302
1609385280000,0.0012459863
1609385340000,0.0029194455
1609385400000,0.002413157
1609385460000,-4.49508e-05
1609385520000,0.0011272168
1609385580000,0.0007606848
1609385640000,-0.0013734398
1609385700000,-0.0006634539
1609385760000,0.00025050758
1609385820000,-0.0019800414
1609385880000,-0.0015807704
1609385940000,-0.0019171567
1609386000000,-0.00031785804
1609386060000,-0.0019907046
1609386120000,-0.0013592269
1609386180000,0.00057752634
1609386240000,0.0041213008
1609386300000,0.0043127513
1609386360000,0.006578301
1609386420000,0.0061417357
1609386480000,0.0040489202
1609386540000,0.002799761
1609386600000,0.0010962301
1609386660000,0.00046129726
1609386720000,-0.0025197112
1609386780000,0.0018181534
1609386840000,-0.001966744
1609386900000,-0.0004354792
1609386960000,-0.0015832958
1609387020000,0.0011485969
1609387080000,-0.0008299218
1609387140000,-0.0016079978
1609387200000,0.0005614819
1609387260000,0.0005627871
1609387320000,-1.3058692e-05
1609387380000,-0.001233904
1609387440000,-0.000102804435
1609387500000,-0.000807296
1609387560000,0.00088495226
1609387620000,-0.00013786335
1609387680000,0.00064979144
1609387740000,0.0035437262
1609387800000,0.004792586
1609387860000,0.003459834
1609387920000,0.0030237625
1609387980000,-0.0005253383
1609388040000,-6.392501e-05
1609388100000,-0.00073243555
1609388160000,-0.0012717505
1609388220000,0.0016009876
1609388280000,0.0041218195
1609388340000,0.0033648706
1609388400000,0.002596906
1609388460000,0.002233618
1609388520000,0.0011114017
1609388580000,-0.00039070038
1609388640000,-0.0037771529
1609388700000,-0.0012766112
1609388760000,-0.0013087962
1609388820000,-0.0062420983
1609388880000,-0.0027453532
1609388940000,-0.0021694414
1609389000000,-0.002189801
1609389060000,-0.0009381821
1609389120000,-0.002829689
1609389180000,-0.0021230564
1609389240000,-0.00057585683
1609389300000,-0.0007701928
1609389360000,-0.0025718696
1609389420000,0.00103947
1609389480000,-0.0012246807
1609389540000,0.0019636275
1609389600000,0.0012627614
1609389660000,0.0010336358
1609389720000,0.00073342625
1609389780000,0.0012246196
1609389840000,0.0012187642
1609389900000,-0.00022527816
1609389960000,8.666229e-05
1609390020000,-0.00133991
1609390080000,-0.00057712256
1609390140000,-0.0012256218
1609390200000,-0.0017620521
1609390260000,-0.00033912846
1609390320000,-0.001475468
1609390380000,0.00078211026
1609390440000,0.0017793346
1609390500000,0.0011172247
1609390560000,0.0035924416
1609390620000,0.005464567
1609390680000,-0.00087523006
1609390740000,0.0030130602
1609390800000,0.00017993599
1609390860000,-0.0024776296
1609390920000,-0.0036282223
1609390980000,0.00072126323
1609391040000,-0.0013934579
1609391100000,-0.0007909818
1609391160000,-0.00021535986
1609391220000,0.00021880565
1609391280000,-0.0014518222
1609391340000,-0.0011351726
1609391400000,-0.0019687284
1609391460000,-0.0013669898
1609391520000,-0.0028327047
1609391580000,-0.0030889816
1609391640000,-0.0009234391
1609391700000,0.0046570715
1609391760000,0.005039317
1609391820000,0.0009417366
1609391880000,0.003145022
1609391940000,0.0014580656
1609392000000,9.3624716e-05
1609392060000,-0.002101433
1609392120000,-0.0024112773
1609392180000,-0.00085476623
1609392240000,-0.0008831149
1609392300000,-0.0007921905
1609392360000,-0.0013643545
1609392420000,0.0014165659
1609392480000,-0.0014303216
1609392540000,-0.002454794
1609392600000,-0.00036657
1609392660000,-0.0012523315
1609392720000,-0.004559616
1609392780000,-0.001122695
1609392840000,8.1201106e-05
1609392900000,0.0005566884
1609392960000,0.0024888492
1609393020000,0.0034182656
1609393080000,0.001164706
1609393140000,0.00025050953
1609393200000,0.0009957793
1609393260000,-4.2962667e-05
1609393320000,0.0023931847
1609393380000,0.0022251734
1609393440000,0.0008424557
1609393500000,0.0014225539
1609393560000,0.0029791319
1609393620000,-0.00093390484
1609393680000,0.0014800512
1609393740000,0.0006409433
1609393800000,0.0026664692
1609393860000,-0.0019792467
1609393920000,0.0015866993
1609393980000,-0.00032109927
1609394040000,-0.00073016156
1609394100000,-0.0012421858
1609394160000,-0.00033840432
1609394220000,-0.00092488975
1609394280000,-0.00069979276
1609394340000,0.0014216305
1609394400000,0.0009433719
1609394460000,0.0007985421
1609394520000,-0.0011839774
1609394580000,-0.003482087
1609394640000,-0.0044276146
1609394700000,-0.0011774446
1609394760000,-0.0028421392
1609394820000,-0.0005771496
1609394880000,-0.0024307722
1609394940000,-0.0016288182
1609395000000,-0.00025852342
1609395060000,-0.0004307794
1609395120000,0.000333402
1609395180000,0.0028504257
1609395240000,0.0015978548
1609395300000,0.0038636622
1609395360000,0.0037578105
1609395420000,0.0017406244
1609395480000,0.001075756
1609395540000,-0.000852399
1609395600000,-0.0039536934
1609395660000,-0.0018601977
1609395720000,-0.0047785467
1609395780000,-0.003998498
1609395840000,-0.002971982
1609395900000,-0.0021346845
1609395960000,-0.0006996231
1609396020000,0.00015977754
1609396080000,-0.00047610048
1609396140000,-0.0008703267
1609396200000,0.0012684625
1609396260000,0.0021542697
1609396320000,0.0009813255
1609396380000,0.0020986975
1609396440000,0.0005355544
1609396500000,-0.00048541516
1609396560000,0.00074299885
1609396620000,0.00011198344
1609396680000,-0.0008883933
1609396740000,-0.0012770352
1609396800000,-0.00025269252
1609396860000,0.00045241974
1609396920000,-0.0004166819
1609396980000,-0.0014578052
1609397040000,0.0013154743
1609397100000,-0.0006808089
1609397160000,-0.0025019
1609397220000,-0.0014428578
1609397280000,-0.0010739997
1609397340000,-0.0010439837
1609397400000,0.0014845892
1609397460000,0.00093417015
1609397520000,0.0006626713
1609397580000,-0.000915347
1609397640000,-0.00031682817
1609397700000,-0.0008259388
1609397760000,-0.0009676357
1609397820000,-0.001986629
1609397880000,-0.00087744085
1609397940000,-0.002114323
1609398000000,0.0008607261
1609398060000,-0.0019536584
1609398120000,-0.00027866097
1609398180000,-0.0013945043
1609398240000,0.0028403667
1609398300000,-0.002661349
1609398360000,-0.001539725
1609398420000,-0.00090976106
1609398480000,0.000227093
1609398540000,-0.0024439772
1609398600000,0.00037131805
1609398660000,0.0013654426
1609398720000,0.00057069777
1609398780000,-0.0008071398
1609398840000,0.00064338493
1609398900000,-4.6980887e-05
1609398960000,-0.0016621187
1609399020000,0.0014301958
1609399080000,0.0013849165
1609399140000,-0.0004992549
1609399200000,0.0014027153
1609399260000,-0.00010673634
1609399320000,-0.0023879018
1609399380000,-9.217071e-05
1609399440000,-3.5691286e-05
1609399500000,-0.0034016657
1609399560000,-0.0038211676
1609399620000,-0.0033789098
1609399680000,-0.004513271
1609399740000,-0.0019862328
1609399800000,0.004136753
1609399860000,0.0031386456
1609399920000,-0.0016056956
1609399980000,0.00480248
1609400040000,-0.00054068165
1609400100000,-0.0016038683
1609400160000,-0.0004517449
1609400220000,0.001089769
1609400280000,0.0015565223
1609400340000,0.0016587111
1609400400000,-4.8451762e-05
1609400460000,-0.00029622225
1609400520000,-0.00011056255
1609400580000,-0.0008740802
1609400640000,0.00077193143
1609400700000,-0.0006657294
1609400760000,-0.002007523
1609400820000,-0.0025312158
1609400880000,-0.0016666129
1609400940000,-0.0032463977
1609401000000,-0.00086730166
1609401060000,-0.0031927964
1609401120000,-0.00069213967
1609401180000,-0.0020057075
1609401240000,-0.001078557
1609401300000,7.229242e-05
1609401360000,-0.0006851695
1609401420000,-0.0037861762
1609401480000,-0.0019444224
1609401540000,-0.00273546
1609401600000,0.0016410657
1609401660000,-0.0067704753
1609401720000,-0.0037768087
1609401780000,-0.0011190203
1609401840000,0.0018322574
1609401900000,-0.0021024067
1609401960000,0.00031831328
1609402020000,0.003284712
1609402080000,0.002666199
1609402140000,0.002745466
1609402200000,0.003576143
1609402260000,0.0017816435
1609402320000,0.0008106046
1609402380000,0.00074666284
1609402440000,-0.00037817343
1609402500000,-0.00061889976
1609402560000,-0.0016892098
1609402620000,-0.0009328793
1609402680000,-0.0020718256
1609402740000,-0.0045988364
1609402800000,-0.0023022413
1609402860000,-0.0015575957
1609402920000,-0.002509306
1609402980000,-0.0011939502
1609403040000,0.001811941
1609403100000,-0.0011490582
1609403160000,-0.0024500675
1609403220000,-0.0011601627
1609403280000,-0.002052089
1609403340000,-0.00092816557
1609403400000,0.0008289378
1609403460000,0.0006785758
1609403520000,0.0004384162
1609403580000,0.0010043498
1609403640000,0.0033216618
1609403700000,0.0021289417
1609403760000,0.001263491
1609403820000,0.004076912
1609403880000,0.0018342149
1609403940000,-0.0002468289
1609404000000,0.002808119
1609404060000,0.0021978645
1609404120000,0.0011564567
1609404180000,0.0011650702
1609404240000,0.0012640795
1609404300000,0.0005301972
1609404360000,0.00068378873
1609404420000,-0.0008947079
1609404480000,-0.002299397
1609404540000,-0.0012209279
1609404600000,-6.6811524e-05
1609404660000,-0.0033136746
1609404720000,-0.00064675155
1609404780000,0.0019407391
1609404840000,-0.00068130903
1609404900000,-0.00377341
1609404960000,-0.0020761592
1609405020000,-0.0014591267
1609405080000,0.0005256069
1609405140000,0.0030155207
1609405200000,-0.0016927503
1609405260000,0.0016816687
1609405320000,0.00024206137
1609405380000,-0.0009352574
1609405440000,-0.0025590668
1609405500000,-0.00141237
1609405560000,-0.0003418211
1609405620000,-0.0007715395
1609405680000,-0.0019359168
1609405740000,0.00020104837
1609405800000,-0.0010073711
1609405860000,-0.0012145742
1609405920000,0.00042219943
1609405980000,0.0007118491
1609406040000,0.00024790477
1609406100000,0.002043139
1609406160000,-0.0013344015
1609406220000,0.0021731008
1609406280000,-0.00081650866
1609406340000,-0.0005232684
1609406400000,0.00059729
1609406460000,0.0011024135
1609406520000,-0.00015878136
1609406580000,0.0008182709
1609406640000,0.00079921784
1609406700000,0.0014166553
1609406760000,-0.0012151556
1609406820000,0.0020201334
1609406880000,0.0011092781
1609406940000,-0.0007944128
1609407000000,-0.00086445536
1609407060000,-0.00090108596
1609407120000,-0.00037972216
1609407180000,-0.0008490997
1609407240000,-0.00037348876
1609407300000,-0.00035516752
1609407360000,0.00038405886
1609407420000,-0.00046724753
1609407480000,0.0028334595
1609407540000,0.00014677884
1609407600000,0.0033838672
1609407660000,0.0033622796
1609407720000,0.0031307589
1609407780000,0.0031436125
1609407840000,0.0017995442
1609407900000,0.00043263187
1609407960000,0.00069093856
1609408020000,1.3367736e-05
1609408080000,0.00077158574
1609408140000,0.00094349054
1609408200000,0.0005376537
1609408260000,-0.0010204896
1609408320000,-0.00020585523
1609408380000,0.0007989464
1609408440000,5.2981883e-05
1609408500000,-0.001018799
1609408560000,-0.00016424476
1609408620000,0.0013261647
1609408680000,-0.0013810893
1609408740000,0.00066565326
1609408800000,0.0006125217
1609408860000,0.00094612973
1609408920000,0.0015097513
1609408980000,0.0051045297
1609409040000,0.003332344
1609409100000,0.00055693294
1609409160000,0.0025929438
1609409220000,0.0011860086
1609409280000,-0.002600651
1609409340000,-0.0018915712
1609409400000,-0.0035404598
1609409460000,-0.0038412535
1609409520000,-0.0025757449
1609409580000,-0.004699922
1609409640000,-0.0038651593
1609409700000,-0.0025341893
1609409760000,0.00038625865
1609409820000,0.00011786928
1609409880000,0.0031072749
1609409940000,0.0013080845
1609410000000,0.00032614698
1609410060000,-0.0032398612
1609410120000,-0.003603984
1609410180000,-0.0040862793
1609410240000,-0.0010038539
1609410300000,-0.0046331068
1609410360000,-0.0023262973
1609410420000,-0.00095935195
1609410480000,0.0010057817
1609410540000,-0.0020193774
1609410600000,0.0027240014
1609410660000,0.00022161029
1609410720000,-0.0005834565
1609410780000,-0.0023437724
1609410840000,0.0015549929
1609410900000,-0.0017415998
1609410960000,-0.0039498345
1609411020000,-0.0023777348
1609411080000,-0.0020850212
1609411140000,-0.0013676068
1609411200000,-0.00038534027
1609411260000,0.002566962
1609411320000,0.000111723835
1609411380000,-0.00010842281
1609411440000,0.00070747826
1609411500000,-0.0001705607
1609411560000,-0.00059403083
1609411620000,-0.0012656874
1609411680000,3.8342667e-05
1609411740000,-0.0033874067
1609411800000,-0.00013754547
1609411860000,-0.00712724
1609411920000,-0.00043495226
1609411980000,-0.0024607836
1609412040000,-0.0006021659
1609412100000,-0.0015077507
1609412160000,0.00070441136
1609412220000,-0.0016374838
1609412280000,-0.00075450377
1609412340000,-0.003259867
1609412400000,-0.004866699
1609412460000,0.0019826717
1609412520000,0.0058775507
1609412580000,0.0027783993
1609412640000,0.0021514455
1609412700000,0.0027203576
1609412760000,0.00068608904
1609412820000,-0.0008071961
1609412880000,0.0004426701
1609412940000,-0.0011598471
1609413000000,0.00021948037
1609413060000,6.86189e-05
1609413120000,0.00020324701
1609413180000,-0.00042112687
1609413240000,0.00016921829
1609413300000,-7.194761e-05
1609413360000,-7.194761e-05
1609413420000,0.00283882
1609413480000,-0.00023386751
1609413540000,-0.0013883986
1609413600000,-0.0023702837
1609413660000,0.0012365095
1609413720000,-0.0021738515
1609413780000,0.0007299493
1609413840000,0.00074909005
1609413900000,4.821266e-05
1609413960000,0.00034812273
1609414020000,-0.0009370081
1609414080000,-0.0030713577
1609414140000,-0.00072733394
1609414200000,0.0010127187
1609414260000,0.0018691673
1609414320000,0.00010421633
1609414380000,0.0006396608
1609414440000,0.00038449335
1609414500000,0.0027645358
1609414560000,-0.00066257076
1609414620000,0.00199876
1609414680000,0.0017670218
1609414740000,0.00024520303
1609414800000,-0.0007622622
1609414860000,-0.0002145168
1609414920000,-0.0007601691
1609414980000,-0.0018961322
1609415040000,-0.0023758651
1609415100000,-0.00011753799
1609415160000,0.0033636505
1609415220000,-0.0009856125
1609415280000,0.00025814484
1609415340000,0.002224516
1609415400000,0.0013566035
1609415460000,-0.0012483811
1609415520000,0.002725395
1609415580000,0.00042615423
1609415640000,0.0028535263
1609415700000,0.002570341
1609415760000,0.0019475793
1609415820000,-0.0020723362
1609415880000,-0.00019668904
1609415940000,7.613631e-05
1609416000000,-0.003230719
1609416060000,-0.002868944
1609416120000,-0.0010603844
1609416180000,-0.0033421465
1609416240000,-0.003547254
1609416300000,-0.0013457751
1609416360000,0.0014564991
1609416420000,0.0006448741
1609416480000,0.00041473383
1609416540000,0.0011479332
1609416600000,-0.0008532804
1609416660000,-0.003087055
1609416720000,-0.0019999056
1609416780000,-3.7893675e-05
1609416840000,-0.00086802134
1609416900000,0.00014523182
1609416960000,-0.00095203397
1609417020000,0.0006959904
1609417080000,-0.00019387701
1609417140000,0.0010436485
1609417200000,0.0029951532
1609417260000,0.000105428735
1609417320000,-8.430648e-05
1609417380000,0.0012580552
1609417440000,0.00016173479
1609417500000,-0.0007270766
1609417560000,0.00068951293
1609417620000,0.0018570042
1609417680000,0.0027385273
1609417740000,0.0018476244
1609417800000,0.0024483206
1609417860000,0.0023657235
1609417920000,-0.0009292122
1609417980000,-0.0016967405
1609418040000,0.0009797969
1609418100000,-0.0019448302
1609418160000,-0.000114356706
1609418220000,0.0006172375
1609418280000,0.00047754866
1609418340000,0.0003125383
1609418400000,0.00038445464
1609418460000,0.0011546672
1609418520000,0.0011632611
1609418580000,-0.00041661697
1609418640000,-0.0019417874
1609418700000,0.0018278304
1609418760000,-0.0013227031
1609418820000,-0.0025217838
1609418880000,0.0032301513
1609418940000,0.0039574546
1609419000000,0.00067522295
1609419060000,0.0041472195
1609419120000,0.005914411
1609419180000,0.005696576
1609419240000,0.0042437054
1609419300000,0.0018383063
1609419360000,0.005574995
1609419420000,-0.0020662786
1609419480000,0.0032579883
1609419540000,0.0007929765
1609419600000,0.0006904035
1609419660000,-0.0018007064
1609419720000,0.0013216153
1609419780000,-0.00087473076
1609419840000,0.00082814944
1609419900000,-0.0013064034
1609419960000,0.007690971
1609420020000,0.0023479844
1609420080000,-0.0018523642
1609420140000,0.00012904889
1609420200000,-0.00023727088
1609420260000,-0.005596891
1609420320000,-0.0057109008
1609420380000,-0.0012740922
1609420440000,-0.0018556628
1609420500000,-0.0011328211
1609420560000,-0.0030120201
1609420620000,-0.0018357192
1609420680000,0.0013768591
1609420740000,0.0014532073
1609420800000,-0.0019031238
1609420860000,0.003068832
1609420920000,-6.184798e-05
1609420980000,-0.002045325
1609421040000,-0.001487943
1609421100000,-0.00032781519
1609421160000,6.212764e-05
1609421220000,7.07851e-05
1609421280000,0.0018182807
1609421340000,0.0030860289
1609421400000,0.00079239754
1609421460000,0.0020849407
1609421520000,-0.0013099185
1609421580000,-0.0010217702
1609421640000,-0.0025609084
1609421700000,-0.0032375732
1609421760000,2.207222e-06
1609421820000,0.0022954796
1609421880000,0.0005382417
1609421940000,-0.00022616176
1609422000000,-0.00029271992
1609422060000,0.0005691852
1609422120000,0.0005766633
1609422180000,-0.0012321245
1609422240000,-0.00018417841
1609422300000,0.0022293073
1609422360000,0.002731484
1609422420000,-0.00078595965
1609422480000,-0.00096502283
1609422540000,-0.00025269252
1609422600000,-0.00064609456
1609422660000,-0.0021472233
1609422720000,-0.00024040959
1609422780000,-0.0005930143
1609422840000,-0.00019542355
1609422900000,0.00010109827
1609422960000,-0.0009419789
1609423020000,0.00015311921
1609423080000,-0.00015471937
1609423140000,0.0012580939
1609423200000,-0.0009845316
1609423260000,0.000540969
1609423320000,-0.0015287149
1609423380000,0.00040075782
1609423440000,0.00046512106
1609423500000,0.00048803858
1609423560000,0.00090828264
1609423620000,0.0011280499
1609423680000,0.00049071247
1609423740000,-0.0001800679
1609423800000,0.0015057407
1609423860000,-0.0006657294
1609423920000,0.0015046278
1609423980000,-0.0008498625
1609424040000,-0.00025269252
1609424100000,0.0007935223
1609424160000,0.0010785642
1609424220000,0.00034373708
1609424280000,-0.0007119508
1609424340000,0.0011844442
1609424400000,0.001331742
1609424460000,0.004237145
1609424520000,0.0033122231
1609424580000,0.0026044163
1609424640000,0.0018651065
1609424700000,-0.0012250254
1609424760000,-0.0036081697
1609424820000,-0.00073544856
1609424880000,0.000722753
1609424940000,-0.0034670515
1609425000000,-0.0019545145
1609425060000,-0.0014554259
1609425120000,-0.003285607
1609425180000,-0.0013980748
1609425240000,-0.0008892118
1609425300000,-0.0017719624
1609425360000,0.0007388291
1609425420000,-8.137555e-05
1609425480000,-0.0012227986
1609425540000,-0.00088702654
1609425600000,-0.00064544525
1609425660000,0.0008591771
1609425720000,0.0004139322
1609425780000,0.00049419777
1609425840000,0.00048689265
1609425900000,0.0005555935
1609425960000,0.0029137738
1609426020000,0.0042823753
1609426080000,0.0009365164
1609426140000,7.225456e-05
1609426200000,0.00039591765
1609426260000,-0.0019412332
1609426320000,-0.002077243
1609426380000,-1.35211985e-05
1609426440000,-0.0013121642
1609426500000,-0.0006347533
1609426560000,-0.0003921102
1609426620000,-0.0006617749
1609426680000,-0.0011492143
1609426740000,0.00087207794
1609426800000,0.0023116097
1609426860000,0.0029812448
1609426920000,0.000716296
1609426980000,0.00094184
1609427040000,0.005053466
1609427100000,0.0024709825
1609427160000,0.00095077895
1609427220000,0.0012124382
1609427280000,0.0017435554
1609427340000,-0.0014057938
1609427400000,0.0005974258
1609427460000,0.00036387067
1609427520000,-0.0010204896
1609427580000,0.00051526894
1609427640000,0.0005700426
1609427700000,0.0014136442
1609427760000,-0.00072342047
1609427820000,0.0007039142
1609427880000,-0.00038096248
1609427940000,0.0015091494
1609428000000,-0.0010163361
1609428060000,-0.00021697307
1609428120000,8.650961e-05
1609428180000,0.0013522244
1609428240000,-0.0001873936
1609428300000,0.0005002786
1609428360000,0.00073572434
1609428420000,0.0006775705
1609428480000,0.0001477751
1609428540000,-0.0013116924
1609428600000,-0.00060131727
1609428660000,-0.0006525789
1609428720000,0.00077362487
1609428780000,-0.0013378637
1609428840000,-0.0020451774
1609428900000,0.0005887656
1609428960000,-0.0003479178
1609429020000,0.00077696703
1609429080000,0.002330685
1609429140000,0.0018154295
1609429200000,0.0024936295
1609429260000,0.002159926
1609429320000,0.0011931541
1609429380000,0.0007335574
1609429440000,0.0009449786
1609429500000,-0.0013734398
1609429560000,-0.0023393692
1609429620000,-3.0187555e-05
1609429680000,-0.0008137102
1609429740000,-0.00065461086
1609429800000,-0.0005053921
1609429860000,0.0003927378
1609429920000,0.0013247579
1609429980000,0.0025287494
1609430040000,0.0010382051
1609430100000,0.0011260224
1609430160000,0.00016365203
1609430220000,0.0014708359
1609430280000,-1.609823e-05
1609430340000,9.695472e-06
1609430400000,0.0031553076
1609430460000,5.845083e-05
1609430520000,0.00051591103
1609430580000,-0.0025825845
1609430640000,-0.00037541994
1609430700000,-0.003006148
1609430760000,-0.0029791847
1609430820000,-0.0036300535
1609430880000,-0.0013216821
1609430940000,0.0007701919
1609431000000,0.00089020736
1609431060000,0.0053529534
1609431120000,0.006727593
1609431180000,0.0019257324
1609431240000,0.0011934041
1609431300000,-0.00096766447
1609431360000,-0.0035262958
1609431420000,-0.0031755322
1609431480000,-0.00028129073
1609431540000,0.0007816099
1609431600000,-0.0019760989
1609431660000,-0.004212069
1609431720000,-0.010933792
1609431780000,-0.008049721
1609431840000,-0.0027891712
1609431900000,0.0009465047
1609431960000,-0.000112242116
1609432020000,0.0022306785
1609432080000,0.0024823018
1609432140000,-0.004247836
1609432200000,-0.00656374
1609432260000,-0.0060150265
1609432320000,-0.004972459
1609432380000,-0.0038747783
1609432440000,0.0038582133
1609432500000,0.003529317
1609432560000,0.0023278433
1609432620000,0.0027987338
1609432680000,-0.00081045006
1609432740000,-0.0035862727
1609432800000,0.0001475535
1609432860000,-0.0005526217
1609432920000,-0.001771433
1609432980000,0.00088412873
1609433040000,-7.950931e-05
1609433100000,0.0016416414
1609433160000,-0.0006220594
1609433220000,0.0004188198
1609433280000,-0.0013614286
1609433340000,-0.00021202432
1609433400000,-0.0024830247
1609433460000,-0.00036333114
1609433520000,-0.0020210557
1609433580000,0.0013833886
1609433640000,0.0013534037
1609433700000,0.0007956819
1609433760000,0.0007139322
1609433820000,-6.425749e-05
1609433880000,-0.0023582021
1609433940000,-0.0013578044
1609434000000,0.0012250111
1609434060000,0.0007149434
1609434120000,0.0009106079
1609434180000,0.001010215
1609434240000,0.0043564145
1609434300000,0.00038168812
1609434360000,-0.0026995132
1609434420000,-0.00093114836
1609434480000,0.001231173
1609434540000,0.00044308917
1609434600000,-0.0024330623
1609434660000,0.0020164093
1609434720000,-0.0010229328
1609434780000,0.0008831345
1609434840000,-0.00096633896
1609434900000,0.0008238829
1609434960000,-0.0012589463
1609435020000,0.0012977904
1609435080000,0.0005306482
1609435140000,-0.0011722507
1609435200000,0.00088495226
1609435260000,-0.00088613515
1609435320000,0.00065015163
1609435380000,-0.00051875453
1609435440000,0.0017614121
1609435500000,-0.0007689453
1609435560000,0.0017718239
1609435620000,-0.00058450847
1609435680000,-0.0058369855
1609435740000,-0.0076496485
1609435800000,-0.0073077413
1609435860000,-0.007960508
1609435920000,-0.0039995476
1609435980000,-0.0016285708
1609436040000,-0.0013052175
1609436100000,0.003616049
1609436160000,0.0009970685
1609436220000,-0.00034115685
1609436280000,-0.0033132862
1609436340000,-0.0054140086
1609436400000,-0.0010710983
1609436460000,0.0023135452
1609436520000,-0.00065780326
1609436580000,0.0049006483
1609436640000,0.005279924
1609436700000,-0.00052866957
1609436760000,-0.0018320375
1609436820000,-0.0010336151
1609436880000,-0.002575923
1609436940000,8.338912e-05
1609437000000,0.0030620864
1609437060000,-0.0001272973
1609437120000,0.00011279151
1609437180000,0.0008801968
1609437240000,-0.00050966383
1609437300000,-0.0011412214
1609437360000,-0.0006275969
1609437420000,-5.337535e-05
1609437480000,-0.0002186794
1609437540000,0.0008546234
1609437600000,-0.00083820574
1609437660000,0.00013272805
1609437720000,-0.0010703444
1609437780000,-0.0008652401
1609437840000,-0.0022165738
1609437900000,-0.0017452986
1609437960000,-0.00011590548
1609438020000,-0.0003371548
1609438080000,0.00081346295
1609438140000,0.0028446247
1609438200000,0.00044974146
1609438260000,0.0016790171
1609438320000,0.0010281971
1609438380000,0.0023416623
1609438440000,0.0017459313
1609438500000,0.0003946714
1609438560000,-8.547825e-05
1609438620000,0.0010868132
1609438680000,-0.0013072393
1609438740000,-0.0011183439
1609438800000,0.0009316656
1609438860000,0.0059113833
1609438920000,0.006175367
1609438980000,0.0030323437
1609439040000,0.0031185418
1609439100000,0.0024229574
1609439160000,0.0005050526
1609439220000,0.0012933309
1609439280000,-0.00074921123
1609439340000,-0.00031828124
1609439400000,3.3240885e-05
1609439460000,0.00011177429
1609439520000,-0.00069782604
1609439580000,-0.00032469744
1609439640000,0.0009267275
1609439700000,-0.0005868863
1609439760000,-0.0019415031
1609439820000,0.00052091916
1609439880000,-0.00032823413
1609439940000,-0.0019569069
1609440000000,0.00016882463
1609440060000,-0.00095988996
1609440120000,0.00040075782
1609440180000,0.00024071176
1609440240000,0.0017914551
1609440300000,0.002625009
1609440360000,0.0022366114
1609440420000,0.0012315568
1609440480000,0.0024718533
1609440540000,0.0013648066
1609440600000,0.0006990085
1609440660000,0.0020476019
1609440720000,0.0015050671
1609440780000,-0.00036836573
1609440840000,-0.0012894787
1609440900000,0.0018107748
1609440960000,0.000119748955
1609441020000,0.000487511
1609441080000,0.00058055564
1609441140000,0.0011023724
1609441200000,0.001658475
1609441260000,-0.0036289461
1609441320000,-0.0052156327
1609441380000,-0.0018017255
1609441440000,-0.0028507505
1609441500000,-0.002770975
1609441560000,0.00085884
1609441620000,-0.00088486227
1609441680000,0.00084869115
1609441740000,0.0029106832
1609441800000,-0.00011963075
1609441860000,0.0014007844
1609441920000,0.0010030232
1609441980000,-0.0007768973
1609442040000,-0.001030251
1609442100000,-0.0010148196
1609442160000,-0.0012977107
1609442220000,0.0012328669
1609442280000,0.0013849165
1609442340000,0.00048310607
1609442400000,0.0025082459
1609442460000,0.0018285764
1609442520000,0.0004082256
1609442580000,0.00047373958
1609442640000,-0.00044884338
1609442700000,-0.00067058875
1609442760000,-0.000501375
1609442820000,-0.0016887236
1609442880000,-0.0012977107
1609442940000,-0.000734518
1609443000000,0.00046453177
1609443060000,0.0034190526
1609443120000,0.0011595346
1609443180000,0.0021372105
1609443240000,0.0020670507
1609443300000,0.00024236429
1609443360000,0.0009791836
1609443420000,0.002893934
1609443480000,-0.0003164571
1609443540000,-0.0018242862
1609443600000,0.00026249042
1609443660000,-0.0016492115
1609443720000,-0.0007226322
1609443780000,-0.0005107658
1609443840000,-0.0013768415
1609443900000,-0.00085323816
1609443960000,-0.00030601086
1609444020000,-0.0010784781
1609444080000,-0.00096489495
1609444140000,0.00025701337
1609444200000,-0.001412942
1609444260000,0.00065849046
1609444320000,-0.00025603606
1609444380000,-0.001398681
1609444440000,-0.0009031966
1609444500000,-0.0013391859
1609444560000,-0.0014921337
1609444620000,-0.0024722728
1609444680000,-0.0016007461
1609444740000,-0.00140641
1609444800000,-0.004702472
1609444860000,-0.0032424335
1609444920000,-0.0014296668
1609444980000,0.003233567
1609445040000,-0.001088148
1609445100000,0.001612364
1609445160000,0.0010360563
1609445220000,0.00062819285
1609445280000,0.0008355705
1609445340000,0.0006706311
1609445400000,0.001033613
1609445460000,0.0019792598
1609445520000,0.0014971178
1609445580000,-0.00073807547
1609445640000,0.0012810966
1609445700000,0.00091361697
1609445760000,-0.0026078
1609445820000,-0.0022482208
1609445880000,0.00076011586
1609445940000,-0.0016421461
1609446000000,-0.00021863314
1609446060000,0.0007392402
1609446120000,0.00062853564
1609446180000,-0.0013649705
1609446240000,0.00092821545
1609446300000,0.00013155957
1609446360000,0.0011663456
1609446420000,0.0007670059
1609446480000,0.0023198056
1609446540000,0.0013400766
1609446600000,-0.0013313537
1609446660000,0.0005884638
1609446720000,-5.7784604e-07
1609446780000,0.0008086035
1609446840000,7.761454e-05
1609446900000,-0.00013480117
1609446960000,0.0013660968
1609447020000,0.0027759841
1609447080000,0.0008600317
1609447140000,0.0005471711
1609447200000,0.0014156809
1609447260000,-0.00048393154
1609447320000,-0.0007160298
1609447380000,0.0008815436
1609447440000,0.00041247814
1609447500000,7.9278325e-05
1609447560000,-0.00078504306
1609447620000,-0.00049461785
1609447680000,0.00034594222
1609447740000,-0.00016054379
1609447800000,-0.00015586206
1609447860000,0.0018641229
1609447920000,0.00341125
1609447980000,0.0013111316
1609448040000,0.002461211
1609448100000,0.0021734748
1609448160000,0.0014921372
1609448220000,0.0021552774
1609448280000,0.00012941727
1609448340000,-0.00042470085
1609448400000,-0.0002614636
1609448460000,-0.0010345571
1609448520000,-0.0046568424
1609448580000,-0.0011309152
1609448640000,-0.0024617095
1609448700000,-0.002452278
1609448760000,-0.0014006048
1609448820000,-0.00036941335
1609448880000,-0.0010533966
1609448940000,0.0016754945
1609449000000,0.00044703507
1609449060000,0.00060433376
1609449120000,0.0007588446
1609449180000,-0.0009076309
1609449240000,0.0009551483
1609449300000,1.8186474e-05
1609449360000,0.0012420891
1609449420000,0.00088519946
1609449480000,0.0011785125
1609449540000,0.0017379426
1609449600000,0.0030787892
1609449660000,-0.001167434
1609449720000,0.0018821385
1609449780000,0.0009368929
1609449840000,-0.0012605037
1609449900000,-0.00117629
1609449960000,-0.00025269252
1609450020000,0.0008098856
1609450080000,1.5125778e-05
1609450140000,0.0009000633
1609450200000,0.00067045796
1609450260000,0.002224138
1609450320000,0.0006638498
1609450380000,0.0019239115
1609450440000,0.0015816176
1609450500000,0.00015668078
1609450560000,0.0003672679
1609450620000,-0.0008829474
1609450680000,-0.0011110294
1609450740000,-0.0021460548
1609450800000,-0.0013578044
1609450860000,-5.1002367e-05
1609450920000,-0.0013768415
1609450980000,0.00070758106
1609451040000,-0.0009419789
1609451100000,-0.0003161764
1609451160000,-0.0017861335
1609451220000,-0.0009566592
1609451280000,-0.0012187482
1609451340000,-0.0007045976
1609451400000,0.0024857058
1609451460000,0.0022723381
1609451520000,0.0011023338
1609451580000,0.0012190344
1609451640000,0.0002156673
1609451700000,0.00047864934
1609451760000,-0.0011960715
1609451820000,-0.00042870402
1609451880000,-0.0029265338
1609451940000,-9.3730174e-05
1609452000000,-0.0012026591
1609452060000,-0.00095745915
1609452120000,-0.0007953791
1609452180000,0.00042269923
1609452240000,-0.00023322883
1609452300000,-0.0014086392
1609452360000,-0.0024006143
1609452420000,-0.00046273522
1609452480000,0.0009847839
1609452540000,-0.0013440861
1609452600000,0.0013296985
1609452660000,0.0012046699
1609452720000,0.00049935246
1609452780000,0.0010509655
1609452840000,0.0010500981
1609452900000,0.0019332136
1609452960000,0.0008750325
1609453020000,-0.0006529197
1609453080000,-0.00080971525
1609453140000,-0.0009622189
1609453200000,-0.00013559373
1609453260000,-0.00025670056
1609453320000,0.0019239115
1609453380000,0.0012698964
1609453440000,0.0002156673
1609453500000,-0.0001148064
1609453560000,-0.0002373369
1609453620000,0.0009786616
1609453680000,0.00011224365
1609453740000,0.0018905598
1609453800000,0.00011095743
1609453860000,0.0014626228
1609453920000,0.0042682597
1609453980000,0.0010835924
1609454040000,-0.0010839666
1609454100000,0.0020064071
1609454160000,0.004480547
1609454220000,-0.00031984656
1609454280000,0.0008165335
1609454340000,-0.00022072818
1609454400000,-0.00038521504
1609454460000,-0.00024822974
1609454520000,-0.0014223405
1609454580000,0.0008522369
1609454640000,-0.00068323564
1609454700000,-0.00025269252
1609454760000,-0.00093393965
1609454820000,0.00025701337
1609454880000,-0.000819298
1609454940000,0.0003125383
1609455000000,0.00032077284
1609455060000,-0.00030564255
1609455120000,-0.000109180066
1609455180000,-0.00025332003
1609455240000,-0.00032124683
1609455300000,0.0027850342
1609455360000,0.002263111
1609455420000,0.0023502028
1609455480000,0.002323012
1609455540000,0.00017004347
1609455600000,0.00049341953
1609455660000,-0.00132973
1609455720000,-0.0025553843
1609455780000,-0.00062576804
1609455840000,0.005530332
1609455900000,-0.0032145712
1609455960000,0.00025812976
1609456020000,0.0017765979
1609456080000,0.0009873905
1609456140000,-0.0011061617
1609456200000,-0.0021589298
1609456260000,-0.0006345939
1609456320000,-0.002117054
1609456380000,-0.0017496416
1609456440000,-0.0019675882
1609456500000,0.0007975231
1609456560000,-0.0013927915
1609456620000,-0.0004978228
1609456680000,0.0012757743
1609456740000,-0.0008790875
1609456800000,0.000812063
1609456860000,-0.00067993894
1609456920000,-0.0033224428
1609456980000,-0.0044276146
1609457040000,-0.000737226
1609457100000,-0.0020262457
1609457160000,-0.004475113
1609457220000,-0.003969662
1609457280000,-0.0016634157
1609457340000,-0.0016853656
1609457400000,-0.0030391845
1609457460000,-0.0043775714
1609457520000,-0.0025052147
1609457580000,-0.0017504259
1609457640000,-0.0026049986
1609457700000,-0.0033742238
1609457760000,-0.0015878322
1609457820000,2.1395792e-05
1609457880000,-0.0004962152
1609457940000,-0.0012597882
1609458000000,-0.0003347875
1609458060000,0.001236895
1609458120000,6.6435925e-05
1609458180000,0.00010050022
1609458240000,-0.0021372458
1609458300000,-0.0012526439
1609458360000,0.0028313291
1609458420000,0.0015277871
1609458480000,0.00031804293
1609458540000,0.0027635933
1609458600000,0.0027812277
1609458660000,0.0014841841
1609458720000,0.0012171161
1609458780000,0.003885709
1609458840000,0.0016019614
1609458900000,0.00028100426
1609458960000,-0.001397651
1609459020000,0.0008537238
1609459080000,-0.0011013837
1609459140000,-0.0016538501
